20120808,XLE,,,,,,,,,78.9,67.2,80.6,67.2,71.2,70.0,99.5,59.4,75.2,73.2,66.2,97.2,97.2,61.0,80.4,95.0,74.4,84.7,99.5,25.6,98.0,74.4,A
20120808,IYE,,,,,,,,,78.5,66.2,80.0,67.0,70.7,50.0,83.8,57.2,62.7,66.7,95.5,96.8,97.6,42.0,83.0,94.4,77.0,85.7,85.6,51.8,98.4,78.6,A
20120808,XOP,,,,,,,,,78.4,54.7,68.9,60.7,62.0,98.2,99.0,82.6,93.0,77.5,53.0,69.6,95.2,66.7,71.1,94.5,79.0,86.7,97.8,37.3,98.0,77.7,A
20120808,PXE,,,,,,,,,78.0,75.0,81.5,69.6,74.2,50.0,85.0,66.5,66.3,70.25,64.8,95.5,95.5,95.5,87.8,94.1,76.6,85.4,47.7,12.2,90.0,50.0,A
20120808,IEO,,,,,,,,,76.9,62.3,76.1,61.7,66.2,50.0,89.7,78.9,72.0,69.1,60.0,69.0,69.7,98.1,74.2,94.6,82.8,88.7,85.5,34.1,98.4,72.7,A
20120808,IGE,,,,,,,,,76.7,59.7,77.6,60.4,65.4,53.7,83.4,64.8,66.5,65.95,95.5,96.7,98.8,33.1,81.0,85.1,77.8,81.5,81.3,66.2,98.4,82.0,A
20120808,IVV,,,,,,,,,76.0,67.9,78.3,73.1,73.6,72.7,95.2,27.6,63.6,68.6,96.5,97.7,96.1,59.7,87.5,49.4,81.6,65.5,98.8,86.8,98.4,94.7,A
20120808,XLI,,,,,,,,,74.8,59.2,74.0,66.6,67.3,84.6,99.7,43.9,74.9,71.1,95.2,67.3,60.9,54.0,69.3,84.0,82.7,83.4,99.1,33.8,98.0,76.9,A
20120808,IXC,,,,,,,,,74.8,63.6,79.0,63.5,68.1,50.0,82.8,64.6,64.9,66.5,68.8,97.9,99.0,53.1,79.7,90.9,63.7,77.3,80.3,52.2,98.4,77.0,A
20120808,IYT,,,,,,,,,74.5,35.2,56.8,59.6,53.9,96.0,93.2,47.9,78.3,66.1,95.7,95.2,52.4,66.5,77.4,83.5,82.8,83.2,92.3,4.6,98.4,65.1,A
20120808,SPY,,,,,,,,,74.4,68.1,78.2,72.9,73.5,81.9,100.0,28.1,68.5,71,95.6,96.4,68.6,57.9,79.6,49.5,81.8,65.7,100.0,86.6,98.0,94.9,A
20120808,XES,,,,,,,,,74.1,58.9,75.4,60.1,64.4,50.0,91.7,73.6,70.8,67.6,64.8,68.9,95.2,60.4,72.3,93.2,75.4,84.3,82.5,24.8,98.0,68.4,A
20120808,IWO,,,,,,,,,73.8,54.8,61.8,63.3,61.2,81.5,95.5,60.4,78.3,69.75,95.5,95.5,61.7,69.9,80.7,44.6,82.1,63.4,95.9,95.6,98.4,96.6,A
20120808,IWL,,,,,,,,,73.7,58.3,76.0,73.5,71.2,50.0,38.7,31.3,40.1,55.65,95.7,97.2,95.7,100.0,97.1,50.1,81.9,66.0,73.0,69.7,98.4,80.4,A
20120808,PSCE,,,,,,,,,73.6,40.2,31.2,27.7,31.3,50.0,49.1,86.4,62.5,46.9,96.2,96.2,96.2,100.0,97.1,92.4,77.3,84.9,53.0,5.8,90.0,49.6,A
20120808,IWB,,,,,,,,,73.5,67.4,76.8,72.0,72.5,30.0,94.4,26.8,48.2,60.35,96.3,96.8,96.0,62.2,87.8,48.1,81.4,64.8,95.0,94.5,98.4,96.0,A
20120808,FEZ,,,,,,,,,73.3,54.9,75.1,59.4,63.2,52.0,89.2,90.6,76.7,69.95,66.7,98.9,99.0,100.0,91.1,41.7,77.3,59.5,86.8,29.6,98.0,71.5,A
20120808,ESR,,,,,,,,,73.3,57.1,72.5,58.3,62.3,50.0,73.5,82.8,68.5,65.4,95.7,95.8,96.9,100.0,97.1,54.3,70.0,62.1,45.9,31.7,98.4,58.6,A
20120808,SOXX,,,,,,,,,72.9,77.2,81.0,66.0,72.7,66.5,91.9,69.1,75.0,73.85,63.4,99.2,97.2,58.4,79.5,54.9,79.4,67.2,86.5,16.7,98.4,67.2,A
20120808,IXN,,,,,,,,,72.8,72.7,77.7,69.3,72.5,50.0,78.8,40.7,55.4,63.95,95.3,98.5,95.9,48.1,84.5,54.2,82.0,68.1,78.1,59.8,98.4,78.8,A
20120808,IGM,,,,,,,,,72.6,72.1,77.4,69.2,72.2,50.0,83.9,45.7,58.7,65.45,96.0,98.4,68.2,64.2,81.7,52.4,82.5,67.5,72.6,76.4,98.4,82.4,A
20120808,VDE,,,,,,,,,72.6,63.0,79.0,65.7,69.1,50.0,79.2,60.0,62.3,65.7,57.4,67.7,63.2,68.8,64.2,93.3,74.7,84.0,85.8,67.6,97.6,83.7,A
20120808,IYY,,,,,,,,,72.4,66.4,76.4,71.6,72.0,50.0,63.5,28.3,46.5,59.25,96.0,96.8,96.0,62.5,87.8,48.4,81.5,64.9,70.4,96.4,98.4,88.4,A
20120808,XLK,,,,,,,,,72.3,73.5,80.0,75.0,76.2,62.1,98.5,34.7,63.4,69.8,96.0,97.2,64.9,52.8,77.7,52.0,82.7,67.4,97.9,39.8,98.0,78.6,A
20120808,QQQ,,,,,,,,,72.2,51.5,45.9,41.1,44.6,88.5,99.7,37.5,74.0,59.3,98.7,98.7,68.6,96.5,90.6,45.2,81.8,63.5,99.9,55.2,90.0,81.7,A
20120808,AXEN,,,,,,,,,72.0,65.4,72.8,58.7,64.3,50.0,15.4,84.6,51.7,58,67.0,96.0,96.0,100.0,89.8,88.9,56.8,72.8,18.5,57.7,98.4,58.2,A
20120808,EWL,,,,,,,,,71.8,52.6,73.9,61.9,63.6,50.0,85.5,44.5,58.7,61.15,61.9,99.1,97.0,100.0,89.5,43.2,88.8,66.0,82.3,23.2,98.4,68.0,A
20120808,GXC,,,,,,,,,71.7,59.8,69.5,57.9,61.8,50.0,84.8,54.4,62.0,61.9,97.7,98.5,98.5,100.0,98.7,43.4,58.3,50.8,83.9,67.1,98.0,83.0,A
20120808,EFA,,,,,,,,,71.5,64.2,74.8,60.8,65.7,74.9,99.2,63.7,78.3,72,64.6,98.3,97.5,63.2,80.9,43.5,62.6,53.1,99.6,94.0,98.4,97.3,A
20120808,IWM,,,,,,,,,71.5,58.6,63.1,63.7,62.5,85.0,99.9,50.3,77.3,69.9,69.8,97.2,66.5,60.7,73.5,42.4,81.2,61.8,99.9,98.4,98.4,98.9,A
20120808,EWRM,,,,,,,,,71.5,56.7,68.6,68.0,65.9,50.0,59.9,50.5,53.1,59.5,97.0,69.1,97.0,100.0,90.8,50.6,77.8,64.2,43.4,92.5,76.8,70.9,A
20120808,EFG,,,,,,,,,71.4,62.2,73.0,61.0,64.9,50.0,87.2,49.8,61.1,63,66.0,98.2,97.6,100.0,90.5,48.2,61.8,55.0,80.6,87.9,98.4,89.0,A
20120808,DIA,,,,,,,,,71.2,61.6,74.7,71.9,70.7,81.1,96.8,22.5,65.3,68,95.2,95.6,63.4,52.2,76.6,55.6,82.8,69.2,99.2,14.2,98.0,70.5,A
20120808,IWD,,,,,,,,,71.2,69.6,78.7,72.2,73.6,0.0,92.4,26.2,36.9,55.25,96.0,97.2,96.8,53.1,85.8,47.5,81.5,64.5,96.0,91.1,98.4,95.2,A
20120808,EIDO,,,,,,,,,71.2,39.1,63.8,61.2,57.6,50.0,80.6,61.3,63.1,60.35,97.8,96.5,97.9,100.0,98.0,36.6,72.1,54.4,78.6,43.3,98.4,73.4,A
20120808,PXMG,,,,,,,,,71.1,52.1,68.0,73.3,67.4,50.0,24.4,46.5,41.1,54.25,96.3,98.8,98.8,100.0,98.5,45.4,82.1,63.8,37.0,58.3,90.0,61.8,A
20120808,PXJ,,,,,,,,,71.1,57.9,78.9,61.1,65.8,50.0,51.5,80.2,61.0,63.4,68.0,96.2,95.5,39.3,74.8,91.2,69.5,80.4,63.2,13.4,90.0,55.6,A
20120808,EVX,,,,,,,,,71.1,34.6,63.3,62.0,56.9,50.0,1.8,74.9,44.3,50.6,95.3,96.3,98.2,100.0,97.5,82.2,71.2,76.7,15.9,4.8,90.4,37.0,A
20120808,IYJ,,,,,,,,,70.9,66.5,73.9,67.7,69.3,50.0,76.3,42.2,55.2,62.25,69.8,66.2,62.5,64.0,65.6,78.3,82.7,80.5,80.1,74.2,98.4,84.2,A
20120808,IVE,,,,,,,,,70.9,70.9,78.8,70.8,73.2,0.0,85.7,29.0,35.8,54.5,96.8,98.8,98.4,58.0,88.0,45.3,82.4,63.8,89.4,81.6,98.4,89.8,A
20120808,EEM,,,,,,,,,70.9,66.1,72.7,59.9,65.0,63.9,99.7,55.9,71.8,68.4,64.0,99.0,96.7,54.4,78.5,41.3,72.6,57.0,99.8,93.1,98.4,97.1,A
20120808,IYW,,,,,,,,,70.9,55.3,45.0,36.5,42.8,50.0,84.6,39.2,56.6,49.7,97.6,99.2,96.8,68.1,90.4,54.4,82.3,68.3,85.7,65.9,98.4,83.3,A
20120808,ISI,,,,,,,,,70.9,62.9,75.6,72.0,71.3,50.0,72.0,29.0,49.2,60.25,95.7,96.6,95.7,39.7,81.9,48.6,81.4,65.0,65.7,97.7,98.4,87.3,A
20120808,IWV,,,,,,,,,70.8,62.5,74.2,70.9,70.2,0.0,90.3,30.9,37.9,54.05,96.0,97.2,95.2,58.4,86.7,46.9,79.7,63.3,89.6,99.5,98.4,95.8,A
20120808,NYC,,,,,,,,,70.8,57.4,73.1,66.5,66.7,50.0,41.7,43.1,45.1,55.9,95.0,98.5,96.0,69.0,89.6,48.6,80.9,64.8,34.0,98.0,98.4,76.8,A
20120808,PXI,,,,,,,,,70.7,70.0,80.3,68.3,72.2,50.0,59.5,55.0,54.6,63.4,64.7,98.5,69.1,63.9,74.1,92.3,62.2,77.3,64.4,32.5,90.0,62.3,A
20120808,KOL,,,,,,,,,70.2,37.8,30.7,17.6,25.6,52.9,86.3,82.4,73.2,49.4,65.0,97.5,98.8,100.0,90.3,79.8,68.1,74.0,80.7,12.8,90.4,61.3,A
20120808,EUSA,,,,,,,,,70.1,68.8,78.8,75.1,74.9,50.0,58.5,26.4,44.3,59.6,69.7,98.2,96.5,63.9,82.0,49.0,81.5,65.2,54.0,89.7,98.4,80.7,A
20120808,IWW,,,,,,,,,70.1,65.4,77.3,71.5,72.0,50.0,38.7,31.2,40.0,56,96.0,97.6,96.8,53.1,85.8,46.4,80.4,63.4,57.6,98.8,98.4,84.9,A
20120808,EWZ,,,,,,,,,69.8,71.9,74.6,55.2,64.3,58.1,99.3,74.6,76.3,70.3,53.7,96.9,96.3,66.3,78.3,43.8,71.7,57.8,99.4,40.1,98.4,79.3,B
20120808,JKF,,,,,,,,,69.8,68.0,79.8,72.6,73.8,50.0,24.1,32.0,35.9,54.85,95.4,99.0,95.9,56.2,86.6,56.6,82.7,69.6,54.5,41.9,98.4,64.9,B
20120808,CRBQ,,,,,,,,,69.8,61.5,74.3,60.1,64.6,50.0,39.2,49.9,46.7,55.65,95.3,98.5,98.5,100.0,98.0,67.2,66.0,66.6,45.6,65.7,0.0,37.1,B
20120808,XAR,,,,,,,,,69.8,72.8,73.8,79.0,76.2,50.0,36.0,56.2,48.0,62.1,65.9,65.9,61.4,100.0,73.3,84.0,79.2,81.6,24.0,19.6,98.0,47.2,B
20120808,FXI,,,,,,,,,69.8,73.4,77.5,58.2,67.0,55.9,98.9,44.9,65.0,66,97.8,98.6,99.5,58.4,88.6,34.6,75.7,55.1,98.9,9.1,98.4,68.8,B
20120808,EWQ,,,,,,,,,69.7,52.5,74.0,60.4,62.9,0.0,96.6,88.7,60.0,61.45,68.2,99.2,99.2,69.1,83.9,48.1,75.8,61.9,87.7,38.0,98.4,74.7,B
20120808,EWRI,,,,,,,,,69.6,59.2,70.9,69.1,67.6,50.0,58.8,49.2,52.4,60,69.1,69.1,97.0,100.0,83.8,51.0,78.7,64.8,39.7,94.6,76.8,70.4,B
20120808,PWV,,,,,,,,,69.6,72.8,79.6,75.6,76.2,50.0,74.2,24.8,48.5,62.35,68.3,98.2,98.8,65.0,82.6,51.6,81.5,66.6,67.5,27.5,90.0,61.7,B
20120808,IYM,,,,,,,,,69.6,72.4,72.4,59.1,65.7,0.0,89.5,44.3,42.4,54.05,96.3,96.8,96.3,64.8,88.6,47.0,82.4,64.7,86.2,35.9,98.4,73.5,B
20120808,ITA,,,,,,,,,69.5,60.5,66.4,64.1,64.0,50.0,47.3,51.5,49.7,56.85,67.0,67.7,64.3,96.0,73.8,82.6,82.8,82.7,50.0,17.3,98.4,55.2,B
20120808,NY,,,,,,,,,69.5,50.6,73.9,72.6,68.6,50.0,20.2,60.2,44.6,56.6,95.0,98.0,97.0,61.4,87.9,52.6,81.4,67.0,26.1,56.1,98.4,60.2,B
20120808,GDX,,,,,,,,,69.4,57.3,60.9,53.6,56.5,49.3,97.5,73.2,72.1,64.3,98.2,99.1,97.3,55.0,87.4,45.0,68.5,56.7,99.1,16.0,90.4,68.5,B
20120808,IGV,,,,,,,,,69.3,56.2,66.7,63.8,63.1,50.0,79.1,71.9,66.4,64.75,95.5,96.3,59.7,45.0,74.2,54.9,82.8,68.9,79.1,31.8,98.4,69.8,B
20120808,EXI,,,,,,,,,69.3,48.0,70.3,61.8,61.6,50.0,68.6,58.1,58.4,60,66.5,67.2,67.8,65.9,66.8,79.3,77.5,78.4,64.2,69.3,98.4,77.3,B
20120808,IWX,,,,,,,,,69.3,58.8,77.2,72.9,71.4,50.0,62.6,37.6,49.4,60.4,69.3,97.2,95.7,61.4,80.9,49.2,82.7,66.0,53.2,62.4,98.4,71.3,B
20120808,EEB,,,,,,,,,69.3,72.2,75.5,56.9,65.5,50.0,74.4,64.3,62.3,63.9,60.5,98.2,95.5,66.7,80.2,54.5,78.0,66.2,69.4,39.0,76.8,61.7,B
20120808,IJS,,,,,,,,,69.3,61.6,68.0,65.9,65.7,50.0,94.3,45.8,61.8,63.75,69.8,64.1,67.3,95.8,74.3,42.6,82.5,62.5,88.8,85.6,98.4,90.9,B
20120808,EWG,,,,,,,,,69.1,49.7,70.7,59.8,61.1,47.1,96.5,83.8,74.8,67.95,97.0,56.8,97.0,68.3,79.8,34.9,80.7,57.8,95.5,30.5,98.4,74.8,B
20120808,IHI,,,,,,,,,69.1,53.3,61.6,63.0,60.6,50.0,88.5,65.4,66.9,63.75,98.7,95.3,69.0,100.0,90.8,25.0,82.6,53.8,78.9,20.9,98.4,66.1,B
20120808,VIS,,,,,,,,,69.0,61.6,72.5,66.6,67.3,50.0,60.9,44.8,51.4,59.35,64.7,58.8,55.9,68.8,62.0,81.3,80.0,80.6,72.2,81.7,97.6,83.8,B
20120808,FAA,,,,,,,,,69.0,48.1,54.4,57.2,54.5,50.0,63.6,57.5,56.7,55.6,96.2,54.7,66.8,100.0,79.4,85.0,76.2,80.6,44.9,7.1,76.8,42.9,B
20120808,EWC,,,,,,,,,69.0,51.3,69.8,59.0,60.7,30.4,95.6,57.7,59.5,60.1,70.0,96.6,99.6,47.2,78.3,42.7,85.0,63.8,92.1,57.6,98.4,82.7,B
20120808,GRPC,,,,,,,,,68.9,78.2,81.1,79.8,79.9,50.0,75.2,47.2,56.6,68.25,68.3,68.3,68.3,100.0,76.3,54.5,81.0,67.7,39.1,72.8,46.4,52.8,B
20120808,EWY,,,,,,,,,68.8,63.5,74.3,62.3,66.2,60.4,94.2,65.3,72.2,69.2,64.7,48.6,98.2,68.3,70.0,43.4,81.2,62.3,95.6,58.1,98.4,84.0,B
20120808,EWSM,,,,,,,,,68.8,86.3,80.7,79.5,81.2,50.0,18.3,81.2,51.4,66.3,66.7,95.8,66.7,100.0,82.3,41.8,81.4,61.6,7.1,89.3,76.8,57.7,B
20120808,PHO,,,,,,,,,68.7,58.6,76.8,68.5,69.0,50.0,78.2,53.0,59.5,64.25,68.6,58.4,51.9,100.0,69.7,72.5,79.8,76.2,70.2,10.6,90.0,56.9,B
20120808,ACWI,,,,,,,,,68.7,48.5,43.1,31.0,38.2,50.0,88.4,42.6,58.9,48.55,59.4,99.0,95.8,100.0,88.5,45.9,74.3,60.1,91.1,96.6,98.4,95.4,B
20120808,ERUS,,,,,,,,,68.5,42.3,36.7,26.1,32.5,50.0,90.6,81.9,73.3,52.9,95.2,70.0,97.6,100.0,90.7,58.1,70.1,64.1,78.2,10.0,98.4,62.2,B
20120808,EWP,,,,,,,,,68.5,52.5,51.4,54.2,53.0,82.8,94.8,96.6,91.2,72.1,67.7,98.8,99.2,60.3,81.5,32.8,72.8,52.8,88.0,10.9,98.4,65.8,B
20120808,PWC,,,,,,,,,68.5,74.3,79.8,74.0,75.8,50.0,56.4,31.1,45.3,60.55,68.7,98.8,96.5,54.8,79.7,50.9,81.4,66.1,53.4,53.6,90.0,65.7,B
20120808,EWJ,,,,,,,,,68.4,34.5,30.0,23.7,27.8,94.3,97.3,41.8,76.8,52.3,65.7,98.2,97.0,65.5,81.6,42.9,84.0,63.5,96.3,79.4,98.4,91.4,B
20120808,RYT,,,,,,,,,68.2,76.4,80.3,65.3,72.0,50.0,44.4,67.1,54.3,63.15,69.2,70.0,69.2,97.2,76.4,55.0,82.8,68.9,57.1,37.6,76.8,57.2,B
20120808,MOO,,,,,,,,,68.2,62.5,66.0,61.6,63.1,65.6,89.7,34.2,61.9,62.5,63.4,96.5,95.3,50.0,76.3,64.1,66.9,65.5,90.0,26.8,90.4,69.0,B
20120808,XME,,,,,,,,,68.2,49.2,34.4,20.1,30.2,61.2,97.1,79.7,78.5,54.35,61.5,97.3,99.3,68.8,81.7,53.6,80.6,67.1,96.9,22.2,98.0,72.4,B
20120808,HAP,,,,,,,,,68.2,47.5,41.7,27.3,35.7,50.0,69.9,52.8,57.0,46.35,57.9,95.7,97.2,100.0,87.7,70.2,64.2,67.2,63.1,80.9,90.4,78.1,B
20120808,XLP,,,,,,,,,68.1,46.3,73.2,77.9,70.2,46.3,99.1,31.6,57.0,63.6,60.9,60.1,54.5,65.0,60.1,75.0,82.8,78.9,97.3,23.8,98.0,73.0,B
20120808,RYE,,,,,,,,,68.0,67.1,79.5,63.4,69.0,50.0,2.6,69.3,42.5,55.75,61.2,67.0,96.4,62.0,71.7,92.5,75.5,84.0,35.8,26.1,76.8,46.2,B
20120808,MXI,,,,,,,,,68.0,69.6,70.1,56.7,63.3,50.0,74.7,53.0,58.5,60.9,64.0,69.1,98.5,100.0,82.9,42.0,71.3,56.7,75.7,61.9,98.4,78.7,B
20120808,EWW,,,,,,,,,68.0,47.6,48.8,70.4,59.3,90.7,95.7,46.4,76.7,68,51.1,99.1,99.5,51.3,75.3,38.3,79.6,59.0,96.7,24.0,98.4,73.0,B
20120808,TMW,,,,,,,,,67.8,49.1,71.2,71.2,66.8,50.0,30.6,46.1,42.8,54.8,95.2,96.8,68.5,59.5,80.0,47.6,81.1,64.4,50.3,93.9,98.0,80.7,B
20120808,JKD,,,,,,,,,67.8,59.8,74.6,73.8,71.3,50.0,64.6,25.1,45.7,58.5,69.9,95.4,99.5,64.0,82.2,42.1,82.3,62.2,65.3,42.9,98.4,68.9,B
20120808,VUG,,,,,,,,,67.7,69.3,76.7,72.5,73.1,92.1,86.7,32.1,69.5,71.3,69.5,69.9,62.0,64.4,66.5,43.2,72.1,57.7,92.1,84.0,97.6,91.2,B
20120808,TUR,,,,,,,,,67.6,40.0,56.0,70.1,59.8,50.0,88.0,80.6,72.1,65.95,58.6,96.5,67.3,100.0,80.6,32.3,72.7,52.5,85.0,54.3,98.4,79.2,B
20120808,IJT,,,,,,,,,67.6,58.8,65.8,67.4,65.2,50.0,79.0,38.7,54.8,60,95.5,67.0,66.5,65.5,73.6,41.9,82.6,62.3,86.1,80.0,98.4,88.2,B
20120808,XLU,,,,,,,,,67.6,42.0,58.9,76.1,64.1,78.9,98.0,29.2,67.2,65.65,55.2,66.5,68.5,58.4,62.2,64.8,82.6,73.7,97.5,17.1,98.0,70.9,B
20120808,IWS,,,,,,,,,67.5,69.3,76.1,69.2,71.3,31.7,89.8,34.2,50.0,60.65,95.5,65.2,95.1,33.0,72.2,43.7,79.0,61.4,90.8,88.4,98.4,92.6,B
20120808,PTF,,,,,,,,,67.5,69.6,76.0,67.3,70.4,50.0,34.4,42.4,42.7,56.55,96.3,69.8,69.8,100.0,84.0,55.0,81.6,68.3,23.2,32.9,90.0,48.7,B
20120808,VOO,,,,,,,,,67.5,67.3,77.6,74.3,73.9,0.0,93.3,27.0,37.4,55.65,95.2,96.5,69.5,56.2,79.4,45.3,72.8,59.0,93.1,87.5,97.6,92.7,B
20120808,IGN,,,,,,,,,67.3,55.4,42.6,22.5,35.1,50.0,77.6,80.4,68.9,52,66.8,98.3,69.0,100.0,83.5,54.9,82.8,68.9,66.1,16.4,98.4,60.3,B
20120808,BKF,,,,,,,,,67.3,48.3,38.8,23.4,33.0,50.0,87.5,59.3,64.5,48.75,68.7,97.5,98.2,100.0,91.1,45.8,67.1,56.4,75.9,79.8,98.4,84.7,B
20120808,HDV,,,,,,,,,67.3,36.6,69.4,79.4,67.9,50.0,81.9,24.5,50.6,59.25,54.4,97.0,42.6,100.0,73.5,50.4,82.5,66.5,89.3,38.8,98.4,75.5,B
20120808,EWN,,,,,,,,,67.3,45.0,71.8,61.0,61.0,50.0,78.1,79.5,68.8,64.9,67.5,63.5,96.7,69.1,74.2,53.1,74.3,63.7,63.4,32.1,98.4,64.6,B
20120808,EZU,,,,,,,,,67.3,33.0,39.0,25.5,31.1,50.0,91.3,88.2,75.8,53.45,70.0,98.3,98.8,60.3,81.8,43.0,77.5,60.2,85.9,74.9,98.4,86.4,B
20120808,EWA,,,,,,,,,67.2,77.3,65.3,67.2,68.7,37.0,95.8,40.6,55.9,62.3,66.6,98.9,98.8,44.5,77.2,31.9,86.7,59.3,92.8,37.4,98.4,76.2,B
20120808,IJR,,,,,,,,,67.2,60.2,67.2,66.7,65.6,22.9,94.2,43.3,51.5,58.55,95.5,64.5,67.0,59.7,71.7,42.3,82.5,62.4,95.7,89.5,98.4,94.5,B
20120808,RSP,,,,,,,,,67.2,70.8,76.6,69.1,71.7,70.5,85.6,37.9,63.6,67.65,68.2,68.2,68.8,51.4,64.2,46.0,82.1,64.0,90.3,86.9,76.8,84.7,B
20120808,EWI,,,,,,,,,67.1,38.7,37.2,23.4,30.6,50.0,95.0,93.8,78.8,54.7,97.0,98.8,96.2,54.4,86.6,47.4,74.9,61.2,82.6,10.3,98.4,63.8,B
20120808,PWO,,,,,,,,,67.1,66.2,73.3,66.2,68.3,50.0,2.8,59.2,39.1,53.7,96.6,98.8,67.0,100.0,90.6,43.0,80.7,61.8,12.3,54.0,90.0,52.1,B
20120808,XLB,,,,,,,,,67.0,67.0,70.9,62.6,66.0,54.6,98.5,40.0,62.7,64.35,69.8,97.6,67.3,52.5,71.8,44.8,82.5,63.6,98.2,16.9,98.0,71.0,B
20120808,FEG,,,,,,,,,67.0,35.3,42.9,36.1,38.0,50.0,31.0,50.9,44.6,41.3,95.8,66.7,95.8,62.5,80.2,94.6,75.3,84.9,50.9,58.0,43.2,50.7,B
20120808,FTQ,,,,,,,,,67.0,71.0,74.2,73.7,73.3,50.0,52.6,40.0,47.3,60.3,62.5,95.8,95.8,55.0,77.3,54.5,82.2,68.3,37.6,75.0,43.2,51.9,B
20120808,JKL,,,,,,,,,67.0,64.4,68.5,66.4,66.6,50.0,52.9,39.4,47.1,56.85,96.5,97.0,68.9,51.5,78.5,44.1,78.3,61.2,64.8,76.6,98.4,79.9,B
20120808,EPP,,,,,,,,,66.9,72.5,64.6,66.8,67.3,33.5,82.9,38.5,50.1,58.7,61.0,98.7,99.6,51.6,77.7,32.6,84.2,58.4,88.9,65.6,98.4,84.3,B
20120808,SPYG,,,,,,,,,66.9,31.8,41.4,41.2,39.4,50.0,61.9,29.7,46.5,42.95,96.3,96.0,56.9,97.5,86.7,52.9,81.5,67.2,59.0,77.8,98.0,78.3,B
20120808,MDY,,,,,,,,,66.8,61.7,68.2,65.3,65.4,65.2,96.4,39.9,65.7,65.55,66.5,61.2,63.1,64.8,63.9,43.7,80.4,62.0,98.4,83.3,98.0,93.2,B
20120808,CONG,,,,,,,,,66.7,51.9,72.8,60.6,62.5,50.0,22.7,62.0,46.0,54.25,96.7,68.3,68.3,100.0,83.3,51.9,81.4,66.6,47.1,69.5,46.4,54.3,B
20120808,VV,,,,,,,,,66.7,67.4,76.9,71.9,72.5,50.0,84.7,26.5,52.2,62.35,65.0,95.7,63.5,56.8,70.3,44.8,73.1,59.0,86.9,92.1,97.6,92.2,B
20120808,RGI,,,,,,,,,66.7,51.5,71.4,65.4,64.4,50.0,60.5,52.8,54.2,59.3,67.0,60.5,58.4,66.3,63.0,83.5,82.7,83.1,40.2,33.6,76.8,50.2,B
20120808,PPA,,,,,,,,,66.6,68.8,73.4,66.0,68.8,50.0,66.4,37.6,50.6,59.7,66.2,66.2,63.0,68.5,65.9,78.2,81.7,80.0,31.6,27.5,90.0,49.7,B
20120808,ECH,,,,,,,,,66.6,47.2,55.8,55.7,54.0,50.0,82.6,63.7,64.6,59.3,64.5,65.2,96.5,100.0,81.5,33.8,83.0,58.4,85.3,22.0,98.4,68.6,B
20120808,TILT,,,,,,,,,66.6,61.5,71.6,79.0,73.3,50.0,59.4,38.0,48.6,60.95,65.0,65.0,65.0,100.0,73.8,45.6,80.3,63.0,56.0,99.0,64.8,73.3,B
20120808,XLV,,,,,,,,,66.6,43.2,64.7,75.9,66.0,93.8,98.9,30.8,73.3,69.65,65.8,98.4,62.1,67.7,73.5,25.0,82.7,53.8,97.7,30.0,98.0,75.2,B
20120808,PSI,,,,,,,,,66.6,72.4,75.1,63.2,68.6,50.0,31.0,67.6,50.5,59.55,60.8,98.8,95.7,68.8,81.0,55.0,79.4,67.2,25.8,12.2,90.0,42.7,B
20120808,EFV,,,,,,,,,66.5,48.2,43.6,27.0,36.2,50.0,77.3,68.4,64.6,50.4,68.5,98.8,98.8,95.8,90.5,39.1,63.7,51.4,81.1,86.4,98.4,88.6,B
20120808,ACWX,,,,,,,,,66.5,48.2,42.1,27.1,35.8,50.0,79.6,56.3,61.1,48.45,54.2,98.1,97.2,100.0,87.4,43.2,67.1,55.2,83.0,95.5,98.4,92.3,B
20120808,GNAT,,,,,,,,,66.5,38.7,37.4,32.4,35.2,50.0,56.7,75.5,60.9,48.05,99.3,98.5,97.8,65.0,90.2,67.5,61.4,64.4,32.9,52.3,85.6,56.9,B
20120808,IWY,,,,,,,,,66.5,50.6,72.5,73.2,68.5,50.0,60.4,26.1,44.7,56.6,95.7,97.2,42.1,61.4,74.1,51.1,81.2,66.1,64.0,59.6,98.4,74.0,B
20120808,USMV,,,,,,,,,66.4,48.5,65.0,64.3,61.4,50.0,81.5,18.2,48.3,54.85,70.0,65.0,65.0,100.0,75.0,48.1,80.9,64.5,82.2,60.9,98.4,80.5,B
20120808,MTK,,,,,,,,,66.4,46.7,44.8,33.8,39.7,50.0,34.8,69.5,52.3,46,98.3,98.4,68.2,100.0,91.2,53.3,77.1,65.2,51.1,20.2,98.0,56.4,B
20120808,IWN,,,,,,,,,66.3,55.2,64.1,64.1,62.3,26.9,94.5,41.0,52.1,57.2,68.5,96.8,69.3,51.0,71.4,40.0,80.2,60.1,95.4,97.1,98.4,97.0,B
20120808,WFVK,,,,,,,,,66.2,69.5,80.4,73.0,74.5,50.0,41.6,31.1,40.9,57.7,96.5,98.3,68.1,50.0,78.2,48.0,80.8,64.4,11.2,96.0,76.8,61.4,B
20120808,PXQ,,,,,,,,,66.2,52.5,63.0,57.4,58.1,50.0,18.9,79.1,50.8,54.45,68.8,96.3,67.6,100.0,83.2,52.4,77.6,65.0,58.3,13.4,90.0,53.9,B
20120808,DVY,,,,,,,,,66.2,53.2,66.2,74.2,67.6,53.3,89.5,20.7,52.7,60.15,64.4,68.5,57.7,63.5,63.5,55.8,82.8,69.3,93.9,56.2,98.4,82.8,B
20120808,PIQ,,,,,,,,,66.2,55.3,67.2,67.5,65.0,50.0,9.5,56.6,40.2,52.6,66.9,98.5,98.5,97.3,90.3,37.5,76.3,56.9,25.5,71.1,90.0,62.2,B
20120808,EWH,,,,,,,,,66.1,75.8,79.5,64.0,71.0,85.5,95.7,28.2,68.5,69.75,56.0,56.0,97.0,69.5,69.6,37.0,76.7,56.8,92.9,24.5,98.4,71.9,B
20120808,JKI,,,,,,,,,66.0,67.2,78.5,67.8,70.9,50.0,38.3,41.1,43.4,57.15,96.5,68.9,95.4,48.5,77.3,46.7,78.5,62.6,38.8,70.3,98.4,69.2,B
20120808,OGEM,,,,,,,,,65.9,42.8,38.5,33.7,37.0,50.0,49.9,81.9,61.1,49.05,51.5,98.5,67.7,100.0,79.4,91.8,70.9,81.3,19.2,15.1,54.0,29.4,B
20120808,VGT,,,,,,,,,65.8,75.2,78.7,70.6,73.9,34.8,81.4,39.6,50.5,62.2,68.0,69.5,63.9,68.8,67.5,48.0,72.0,60.0,85.4,84.1,97.6,89.0,B
20120808,ACWV,,,,,,,,,65.7,41.9,68.9,80.8,69.5,50.0,60.6,17.8,41.9,55.7,65.0,65.0,70.0,100.0,75.0,43.8,77.9,60.8,73.1,76.7,98.4,82.7,B
20120808,PFM,,,,,,,,,65.7,60.1,79.4,76.4,74.0,50.0,77.6,19.0,47.4,60.7,66.2,66.2,55.0,67.6,63.8,59.1,80.3,69.7,61.3,70.9,90.0,74.1,B
20120808,IYH,,,,,,,,,65.6,54.9,65.3,76.5,68.8,66.5,84.0,27.4,58.1,63.45,69.3,98.8,67.8,65.6,75.4,24.9,82.6,53.7,74.5,61.0,98.4,78.0,B
20120808,XSW,,,,,,,,,65.3,67.4,71.0,78.2,73.9,50.0,20.8,66.3,47.0,60.45,56.8,95.5,65.9,50.0,67.0,55.2,81.0,68.1,38.1,64.0,98.0,66.7,B
20120808,SHMO,,,,,,,,,65.3,66.8,70.6,78.1,73.6,50.0,16.7,78.0,49.8,61.7,61.6,96.7,68.3,100.0,81.7,40.1,77.2,58.7,12.9,82.2,46.4,47.2,B
20120808,PRF,,,,,,,,,65.3,68.9,77.3,70.3,72.1,50.0,68.3,29.1,48.2,60.15,68.0,64.8,62.8,61.5,64.3,47.3,80.9,64.1,77.4,94.8,90.0,87.4,B
20120808,VTV,,,,,,,,,65.2,63.5,76.0,70.7,70.9,50.0,83.7,24.4,51.2,61.05,67.6,69.9,68.5,56.8,65.7,46.4,74.1,60.2,90.4,84.6,97.6,90.9,B
20120808,IJJ,,,,,,,,,65.2,59.6,67.3,65.6,64.9,50.0,77.7,35.2,53.1,59,96.8,63.7,69.0,40.6,67.5,42.2,81.0,61.6,84.4,78.6,98.4,87.1,B
20120808,SLY,,,,,,,,,65.1,58.1,67.0,69.5,66.5,50.0,51.6,54.3,52.0,59.25,54.0,60.2,60.8,100.0,68.8,42.1,81.6,61.8,58.5,89.4,98.0,82.0,B
20120808,EWO,,,,,,,,,65.1,45.1,63.8,55.6,56.0,50.0,84.8,85.6,72.9,64.45,69.8,43.7,99.5,69.1,70.5,46.4,77.9,62.2,62.5,19.1,98.4,60.0,B
20120808,IVW,,,,,,,,,65.1,39.4,42.6,41.2,41.2,0.0,86.3,27.7,35.6,38.4,95.5,96.0,64.5,69.9,81.5,53.0,81.4,67.2,92.7,77.7,98.4,89.6,B
20120808,IBB,,,,,,,,,64.9,43.6,59.1,59.8,56.3,89.4,96.4,67.6,83.9,70.1,51.1,98.1,46.7,62.5,64.6,24.5,82.5,53.5,94.9,60.7,98.4,84.7,B
20120808,AGRG,,,,,,,,,64.9,60.0,69.1,79.7,72.6,50.0,21.9,63.9,46.4,59.5,68.3,68.3,68.3,100.0,76.3,50.2,80.5,65.4,13.8,77.5,46.4,45.9,B
20120808,XLG,,,,,,,,,64.9,66.2,80.2,76.3,75.4,50.0,59.1,20.8,42.5,58.95,66.5,97.4,60.0,55.4,69.8,52.8,81.4,67.1,77.7,29.5,76.8,61.3,B
20120808,VIG,,,,,,,,,64.8,61.7,75.3,71.7,70.8,77.1,87.9,26.8,62.7,66.75,61.5,65.4,53.9,57.0,59.5,51.6,71.7,61.6,93.2,62.6,97.6,84.5,B
20120808,PSCI,,,,,,,,,64.8,41.6,33.5,18.5,27.6,50.0,53.4,76.0,60.1,43.85,96.3,63.9,65.8,50.0,69.0,82.5,82.5,82.5,44.1,51.2,90.0,61.8,B
20120808,AXID,,,,,,,,,64.7,65.5,21.9,17.7,28.5,50.0,4.7,11.7,23.0,25.75,96.0,98.0,96.0,100.0,97.5,72.7,73.7,73.2,2.0,73.9,98.4,58.1,B
20120808,OEF,,,,,,,,,64.7,47.5,46.5,42.0,44.5,0.0,93.1,23.0,36.0,40.25,96.3,98.4,69.0,60.1,81.0,52.3,81.7,67.0,94.5,56.0,98.4,83.0,B
20120808,IWP,,,,,,,,,64.7,65.4,69.6,65.3,66.6,50.0,89.2,43.4,59.5,63.05,69.7,64.0,52.2,53.4,59.8,43.0,81.6,62.3,91.6,85.5,98.4,91.8,B
20120808,EZA,,,,,,,,,64.7,67.5,74.5,64.4,68.1,50.0,92.4,70.0,69.7,68.9,64.2,99.1,96.4,35.7,73.9,32.5,65.8,49.1,87.7,28.8,98.4,71.6,B
20120808,IOO,,,,,,,,,64.7,44.9,44.4,30.5,37.6,50.0,66.8,49.6,54.9,46.25,65.5,99.2,99.2,70.0,83.5,51.9,68.9,60.4,74.6,57.2,98.4,76.7,B
20120808,INDY,,,,,,,,,64.6,33.9,35.8,24.6,29.8,50.0,81.0,62.1,63.5,46.65,62.9,98.5,97.0,100.0,89.6,46.7,67.6,57.1,70.5,29.2,98.4,66.0,B
20120808,IPW,,,,,,,,,64.6,53.1,47.2,28.6,39.1,50.0,35.9,89.3,59.5,49.3,57.6,99.0,98.0,96.9,87.9,79.2,44.5,61.8,11.3,37.7,98.0,49.0,B
20120808,PXSV,,,,,,,,,64.6,59.5,64.3,73.6,68.0,50.0,47.1,60.6,52.8,60.4,48.8,64.7,67.0,100.0,70.1,40.6,80.2,60.4,36.9,91.7,90.0,72.9,B
20120808,VTWG,,,,,,,,,64.5,54.4,62.0,65.1,62.1,50.0,54.3,64.4,56.3,59.2,63.9,63.9,58.4,100.0,71.5,41.7,73.8,57.7,46.1,95.7,97.6,79.8,B
20120808,ITF,,,,,,,,,64.5,41.0,61.7,57.0,55.2,50.0,14.7,66.5,45.2,50.2,65.5,97.0,96.7,55.0,78.5,43.0,84.2,63.6,40.0,65.8,98.4,68.1,B
20120808,VONE,,,,,,,,,64.4,65.0,76.3,73.3,72.6,50.0,48.2,29.5,42.3,57.45,58.4,69.5,52.8,100.0,70.2,44.5,72.8,58.6,65.6,94.7,97.6,86.0,B
20120808,IWR,,,,,,,,,64.4,68.8,73.7,67.7,69.7,0.0,89.4,37.4,39.9,54.8,69.7,66.0,68.5,63.4,66.9,43.3,80.1,61.7,91.7,92.4,98.4,94.2,B
20120808,RSX,,,,,,,,,64.4,39.4,38.2,24.6,31.6,96.9,95.9,80.4,90.8,61.2,63.0,67.6,96.5,65.0,73.0,60.5,52.7,56.6,96.6,26.2,90.4,71.1,B
20120808,KXI,,,,,,,,,64.3,49.5,77.5,76.3,71.3,50.0,66.7,30.7,48.2,59.75,60.0,48.5,56.5,65.9,57.7,72.9,70.2,71.5,76.6,54.2,98.4,76.4,B
20120808,GUNR,,,,,,,,,64.3,60.5,73.5,77.3,72.8,50.0,82.8,49.3,59.6,66.2,50.0,65.0,65.0,100.0,70.0,53.7,59.1,56.4,70.6,61.1,64.8,65.5,B
20120808,IWF,,,,,,,,,64.2,44.1,40.1,37.7,39.7,0.0,94.1,26.6,37.5,38.6,96.0,96.0,57.6,66.7,79.1,48.7,81.2,64.9,96.5,88.5,98.4,94.5,B
20120808,SCTR,,,,,,,,,64.2,79.9,83.2,81.4,81.6,50.0,33.1,53.7,46.2,63.9,62.5,68.8,62.5,100.0,73.4,48.2,77.5,62.9,4.6,72.5,46.4,41.2,B
20120808,JKE,,,,,,,,,64.1,44.6,71.0,73.0,66.7,50.0,63.9,35.9,49.2,57.95,68.9,95.9,37.2,62.5,66.1,49.9,80.6,65.2,67.1,54.6,98.4,73.4,B
20120808,EZM,,,,,,,,,64.1,67.5,72.6,64.6,67.6,50.0,66.6,45.4,53.4,60.5,65.2,62.9,67.4,63.6,64.8,43.8,81.3,62.5,56.2,90.1,85.6,77.3,B
20120808,IWZ,,,,,,,,,64.0,35.2,37.1,36.8,36.6,50.0,58.2,33.0,46.5,41.55,96.0,96.3,58.0,65.6,79.0,48.0,80.4,64.2,62.3,97.8,98.4,86.2,B
20120808,DSI,,,,,,,,,64.0,58.5,72.2,69.2,67.9,50.0,52.9,34.8,45.5,56.7,68.4,68.4,66.2,64.2,66.8,46.1,82.4,64.2,50.1,82.8,98.4,77.1,B
20120808,DLN,,,,,,,,,64.0,58.7,77.4,75.6,72.8,50.0,80.5,20.1,48.7,60.75,65.5,67.5,56.1,54.1,60.8,50.2,78.3,64.3,82.7,79.2,85.6,82.5,B
20120808,AXTE,,,,,,,,,64.0,74.2,64.8,67.2,67.9,50.0,22.7,83.2,53.4,60.65,96.0,96.0,96.0,62.5,87.6,33.9,64.3,49.1,7.4,36.9,98.4,47.6,B
20120808,LVOL,,,,,,,,,63.9,41.5,66.1,77.4,66.8,50.0,58.9,35.2,47.5,57.15,96.7,68.3,68.3,50.0,70.8,52.6,82.3,67.5,54.3,55.9,46.4,52.2,B
20120808,SLYV,,,,,,,,,63.8,61.1,68.7,68.5,67.1,50.0,66.5,53.3,56.1,61.6,57.2,58.9,64.5,67.8,62.1,42.5,81.6,62.0,58.9,85.4,98.0,80.8,B
20120808,NFO,,,,,,,,,63.7,73.9,79.0,67.2,72.1,50.0,40.3,35.6,42.1,57.1,66.2,98.4,69.3,66.7,75.1,46.3,73.5,59.9,51.6,54.9,76.8,61.1,B
20120808,VIOO,,,,,,,,,63.7,54.5,66.7,68.8,65.3,50.0,57.3,50.1,52.2,58.75,58.4,63.9,52.8,100.0,68.8,40.7,77.0,58.9,47.0,89.6,97.6,78.1,B
20120808,PXSG,,,,,,,,,63.7,29.2,31.9,38.9,34.9,50.0,23.0,52.6,42.8,38.85,60.4,97.0,96.3,100.0,88.4,43.0,81.1,62.0,30.0,87.4,90.0,69.1,B
20120808,EWD,,,,,,,,,63.7,73.8,82.0,66.3,72.5,50.0,88.1,60.7,65.2,68.85,53.6,57.3,65.2,68.3,61.1,39.4,81.0,60.2,80.5,20.0,98.4,66.3,B
20120808,JKJ,,,,,,,,,63.7,60.2,65.9,63.5,63.6,50.0,40.2,41.4,44.1,53.85,63.2,60.7,61.8,96.9,70.7,42.9,82.0,62.5,54.8,74.4,98.4,75.9,B
20120808,HBTA,,,,,,,,,63.6,56.3,48.6,45.0,48.3,50.0,37.4,86.2,58.9,53.6,96.7,68.3,96.7,62.5,81.0,53.3,80.6,67.0,6.0,42.2,46.4,31.5,B
20120808,AAXJ,,,,,,,,,63.6,58.5,71.5,60.5,63.4,50.0,86.7,42.1,58.2,60.8,56.4,60.4,69.3,67.8,63.5,39.3,74.1,56.7,91.2,90.0,98.4,93.2,B
20120808,EWRS,,,,,,,,,63.6,57.6,61.7,64.6,62.3,50.0,26.5,58.7,46.0,54.15,66.2,69.1,97.0,67.8,75.0,48.6,72.1,60.4,27.4,98.3,76.8,67.5,B
20120808,PSCT,,,,,,,,,63.6,43.4,36.1,34.5,36.8,50.0,33.4,69.4,51.8,44.3,49.0,96.3,63.9,100.0,77.3,55.3,81.4,68.4,46.7,62.2,90.0,66.3,B
20120808,RBL,,,,,,,,,63.6,64.4,72.5,58.4,63.8,50.0,73.0,79.8,67.3,65.55,60.7,95.2,95.8,37.5,72.3,52.8,54.6,53.7,61.5,24.4,98.0,61.3,B
20120808,IEV,,,,,,,,,63.6,46.4,43.5,27.9,36.3,50.0,87.3,73.7,69.5,52.9,69.5,99.5,98.7,59.2,81.7,46.0,50.6,48.3,82.4,81.0,98.4,87.3,B
20120808,VTI,,,,,,,,,63.6,65.7,75.3,71.1,71.3,36.6,93.6,29.8,51.3,61.3,65.7,70.0,65.7,36.1,59.4,44.2,73.2,58.7,96.2,99.6,97.6,97.8,B
20120808,FEU,,,,,,,,,63.6,58.4,59.6,62.2,60.7,50.0,62.4,74.2,62.2,61.45,65.1,99.0,96.9,98.7,89.9,47.0,36.7,41.8,41.1,29.6,98.0,56.2,B
20120808,IVOO,,,,,,,,,63.6,55.8,67.1,67.1,64.9,50.0,63.2,48.2,53.3,59.1,52.8,63.9,52.8,100.0,67.4,41.8,76.5,59.2,55.4,83.0,97.6,78.7,B
20120808,KLD,,,,,,,,,63.5,59.5,70.2,65.1,65.5,50.0,47.6,31.0,42.6,54.05,70.0,96.1,64.5,50.0,70.1,46.4,82.7,64.5,44.0,65.0,98.4,69.1,B
20120808,EQIN,,,,,,,,,63.5,86.8,81.1,79.6,81.5,50.0,53.3,27.5,43.1,62.3,68.3,68.3,65.0,58.4,65.0,49.1,81.5,65.3,48.0,76.1,46.4,56.9,B
20120808,YAO,,,,,,,,,63.5,36.2,35.3,24.9,30.3,50.0,60.0,55.4,54.9,42.6,95.7,97.0,97.2,100.0,97.5,44.5,57.4,51.0,38.5,69.2,76.8,61.5,B
20120808,VIOV,,,,,,,,,63.4,62.7,66.0,68.0,66.3,50.0,39.2,71.6,54.3,60.3,58.4,63.9,52.8,100.0,68.8,41.3,76.7,59.0,26.5,85.3,97.6,69.8,B
20120808,VDC,,,,,,,,,63.4,45.1,71.7,77.8,69.4,50.0,73.7,30.9,50.4,59.9,61.1,61.1,48.6,62.5,58.3,64.4,69.0,66.7,80.0,58.8,97.6,78.8,B
20120808,DGT,,,,,,,,,63.3,46.6,43.5,27.6,36.2,50.0,56.7,51.1,52.4,44.3,68.5,99.6,98.0,100.0,91.5,41.4,63.0,52.2,43.2,66.0,98.0,69.1,B
20120808,PXMC,,,,,,,,,63.3,47.2,72.0,75.7,68.9,50.0,21.0,50.7,41.6,55.25,63.8,69.8,97.8,65.0,74.1,43.5,82.0,62.7,16.0,64.2,90.0,56.7,B
20120808,IVOG,,,,,,,,,63.2,48.4,66.1,66.3,62.7,50.0,72.2,52.6,57.6,60.15,47.2,52.8,58.4,100.0,64.6,43.4,77.9,60.6,57.8,73.3,97.6,76.3,B
20120808,RWL,,,,,,,,,63.2,72.2,78.9,71.5,73.8,50.0,52.5,27.4,42.9,58.35,65.5,67.5,66.5,57.4,64.2,52.7,80.0,66.3,57.4,86.7,52.4,65.5,B
20120808,VTWO,,,,,,,,,63.2,51.9,61.8,65.8,61.8,50.0,58.4,58.3,55.4,58.6,52.8,63.9,52.8,100.0,67.4,39.7,72.0,55.8,63.8,98.5,97.6,86.6,B
20120808,IYK,,,,,,,,,63.2,55.5,71.7,72.8,69.0,50.0,60.7,23.6,44.0,56.5,64.5,48.8,56.0,62.8,58.0,59.6,81.7,70.7,69.5,61.5,98.4,76.5,B
20120808,HEDJ,,,,,,,,,63.2,31.2,35.7,30.9,32.4,50.0,53.7,75.3,60.0,46.2,96.8,96.8,98.5,63.9,89.0,42.5,58.5,50.5,49.2,90.8,85.6,75.2,B
20120808,SCZ,,,,,,,,,63.2,42.9,34.7,24.8,31.4,50.0,86.5,40.3,57.6,44.5,65.2,99.1,98.2,65.0,81.9,43.6,62.4,53.0,85.5,97.2,98.4,93.7,B
20120808,GAF,,,,,,,,,63.2,53.0,75.2,65.1,65.7,50.0,58.0,66.7,58.3,62,66.5,98.4,97.7,63.9,81.6,28.9,57.0,42.9,55.9,62.3,98.0,72.1,B
20120808,VAW,,,,,,,,,63.1,68.8,72.4,63.3,67.1,50.0,66.9,40.5,51.7,59.4,65.3,66.7,63.9,62.5,64.6,42.6,77.8,60.2,75.3,63.3,97.6,78.7,B
20120808,EMT,,,,,,,,,63.1,75.7,73.2,53.2,63.7,50.0,49.4,80.3,60.4,62.05,53.2,98.7,98.7,100.0,87.7,40.2,63.0,51.6,17.1,10.1,54.0,27.1,B
20120808,IHF,,,,,,,,,63.1,59.5,63.3,67.5,64.7,50.0,87.5,70.9,68.6,66.65,61.0,96.7,68.3,45.0,67.8,25.0,82.8,53.9,75.8,24.7,98.4,66.3,B
20120808,FCHI,,,,,,,,,63.1,35.0,35.1,26.0,30.5,50.0,16.4,76.1,49.1,39.8,69.9,98.8,99.0,100.0,91.9,40.9,74.5,57.7,27.9,61.6,98.4,62.6,B
20120808,BRAQ,,,,,,,,,63.0,52.4,76.4,63.9,65.4,50.0,41.8,85.4,59.9,62.65,47.0,98.0,96.0,100.0,85.2,51.9,59.3,55.6,41.6,18.1,0.0,19.9,B
20120808,IJK,,,,,,,,,63.0,61.8,68.4,64.5,65.1,0.0,82.6,42.0,39.5,52.3,64.5,64.9,67.3,63.0,65.0,45.3,82.4,63.9,87.5,73.8,98.4,86.6,B
20120808,PNQI,,,,,,,,,63.0,38.6,64.1,66.3,60.1,50.0,73.6,86.8,70.0,65.05,39.6,64.6,58.4,100.0,65.6,43.0,76.4,59.7,49.6,36.7,90.0,58.7,B
20120808,IJH,,,,,,,,,63.0,61.7,68.2,65.2,65.4,0.0,91.8,38.3,41.0,53.2,69.8,66.5,68.5,48.0,63.2,43.8,81.9,62.9,94.3,83.2,98.4,92.0,B
20120808,TOK,,,,,,,,,62.9,21.1,32.9,31.1,29.6,50.0,28.4,75.4,52.4,41,64.3,98.2,97.3,70.0,82.5,46.6,73.3,60.0,43.0,96.1,98.4,79.2,B
20120808,VOX,,,,,,,,,62.9,47.4,58.6,76.7,65.4,50.0,81.1,62.1,63.6,64.5,45.6,61.8,58.8,100.0,66.5,35.4,78.9,57.2,76.7,20.0,97.6,64.8,B
20120808,RPX,,,,,,,,,62.8,71.0,83.0,68.9,73.6,50.0,8.1,69.9,44.4,59,64.4,97.0,44.7,100.0,76.5,49.2,78.8,64.0,10.4,39.6,38.0,29.3,B
20120808,RPV,,,,,,,,,62.8,76.5,80.4,66.1,72.5,50.0,27.2,49.4,42.9,57.7,69.5,67.8,95.2,45.9,69.6,40.1,82.1,61.1,50.5,60.6,76.8,62.6,B
20120808,DEM,,,,,,,,,62.8,71.6,74.8,59.7,66.6,33.0,92.7,48.3,56.3,61.45,65.8,69.9,97.5,56.2,72.4,42.8,51.9,47.3,91.4,75.1,85.6,84.1,B
20120808,XTN,,,,,,,,,62.7,28.0,25.8,31.7,29.2,50.0,42.5,77.9,57.5,43.35,69.1,66.2,66.2,66.7,67.0,84.5,80.7,82.6,25.2,22.1,98.0,48.4,B
20120808,XSD,,,,,,,,,62.7,57.2,45.2,26.0,38.0,50.0,88.2,71.5,69.0,53.5,46.5,69.3,95.5,47.0,64.6,56.3,80.7,68.5,78.3,26.7,98.0,67.7,B
20120808,IXJ,,,,,,,,,62.7,48.4,71.6,75.2,68.8,50.0,73.0,24.0,47.8,58.3,67.2,95.9,67.8,68.3,74.8,26.5,76.1,51.3,80.7,42.7,98.4,73.9,B
20120808,GMF,,,,,,,,,62.7,70.8,72.7,58.6,65.2,50.0,60.9,36.3,48.5,56.85,64.2,95.2,96.1,58.4,78.5,36.6,55.5,46.0,74.7,75.6,98.0,82.8,B
20120808,XRT,,,,,,,,,62.6,62.2,68.3,70.5,68.2,73.6,99.4,51.8,73.7,70.95,66.9,58.8,62.1,60.4,62.1,15.0,81.0,48.0,98.5,53.1,98.0,83.2,B
20120808,PSAU,,,,,,,,,62.6,71.5,67.3,54.1,61.5,50.0,39.1,63.8,51.6,56.55,98.9,98.9,98.9,55.0,87.9,34.9,56.1,45.5,36.0,42.8,90.0,56.3,B
20120808,PKW,,,,,,,,,62.6,74.0,77.8,73.3,74.8,50.0,74.2,29.6,50.1,62.45,65.2,65.2,51.5,63.9,61.4,36.5,82.2,59.4,64.1,74.6,90.0,76.2,B
20120808,NORW,,,,,,,,,62.6,51.2,45.9,33.4,40.7,50.0,69.9,73.0,64.0,52.35,58.4,95.2,65.5,100.0,79.8,66.7,72.7,69.7,45.1,15.8,0.0,20.3,B
20120808,GMM,,,,,,,,,62.6,61.4,71.2,59.0,63.1,50.0,72.1,61.6,60.7,61.9,64.2,96.8,97.7,58.4,79.3,33.5,45.8,39.6,63.6,88.2,98.0,83.3,B
20120808,PRFZ,,,,,,,,,62.5,52.6,64.5,63.1,61.4,50.0,73.9,45.2,55.5,58.45,58.8,62.0,59.8,66.3,61.7,41.8,77.8,59.8,69.2,97.4,90.0,85.5,B
20120808,JKG,,,,,,,,,62.5,54.3,68.7,67.5,65.2,50.0,58.3,43.6,50.2,57.7,66.8,61.8,61.2,58.4,62.0,45.7,80.8,63.2,60.7,69.0,98.4,76.0,B
20120808,ELR,,,,,,,,,62.5,56.5,73.8,72.7,69.8,50.0,29.4,33.9,38.2,54,68.2,69.5,65.8,60.2,65.9,48.3,81.1,64.7,23.5,91.9,98.0,71.1,B
20120808,AXJL,,,,,,,,,62.5,29.3,43.3,42.1,39.9,50.0,45.8,47.3,47.8,43.85,61.5,99.3,98.0,100.0,89.7,38.1,65.2,51.7,49.1,72.2,85.6,69.0,B
20120808,EWU,,,,,,,,,62.4,71.6,76.7,64.5,69.6,50.0,92.7,51.3,63.3,66.45,95.4,99.2,97.5,61.1,88.3,52.3,0.0,26.2,88.4,58.6,98.4,81.8,B
20120808,DTD,,,,,,,,,62.4,54.6,74.7,74.8,70.7,50.0,70.0,21.1,45.9,58.3,66.9,66.9,56.1,45.9,58.9,48.3,78.8,63.6,65.4,94.3,85.6,81.8,B
20120808,NKY,,,,,,,,,62.4,51.4,36.3,40.6,41.5,50.0,78.1,38.1,54.3,47.9,65.0,65.0,65.0,100.0,73.8,44.3,82.3,63.3,79.9,72.6,55.6,69.4,B
20120808,FIL,,,,,,,,,62.4,30.8,34.3,21.4,27.1,50.0,22.9,70.6,49.1,38.1,95.8,95.8,54.1,45.0,72.7,78.7,82.1,80.4,31.4,76.2,43.2,50.3,B
20120808,IDU,,,,,,,,,62.4,40.2,58.6,75.2,63.2,50.0,73.1,24.6,48.1,55.65,44.0,62.1,57.6,55.2,54.7,65.9,82.7,74.3,75.6,36.0,98.4,70.0,B
20120808,PBJ,,,,,,,,,62.4,56.2,64.6,68.4,64.9,50.0,32.7,27.9,37.1,51,52.8,62.6,95.7,50.0,65.3,65.9,80.5,73.2,61.6,14.0,90.0,55.2,B
20120808,IDX,,,,,,,,,62.3,52.4,65.9,60.9,60.7,50.0,91.6,63.0,67.1,63.9,65.9,69.7,95.5,58.4,72.3,43.8,55.2,49.5,84.9,23.3,90.4,66.2,B
20120808,ICLN,,,,,,,,,62.3,53.3,28.3,16.9,27.6,50.0,30.3,76.7,53.4,40.5,61.0,96.8,99.0,68.8,81.4,62.5,77.9,70.2,24.2,17.5,98.4,46.7,B
20120808,EEMV,,,,,,,,,62.2,52.2,73.4,79.2,72.1,50.0,69.3,28.4,48.2,60.15,45.0,41.6,65.0,100.0,62.9,39.6,73.0,56.3,82.1,72.1,98.4,84.2,B
20120808,EMM,,,,,,,,,62.2,53.5,68.8,64.9,63.8,50.0,46.2,58.6,51.9,57.85,63.9,60.8,64.5,63.9,63.3,43.0,79.9,61.4,39.2,86.9,98.0,74.7,B
20120808,VIOG,,,,,,,,,62.2,45.7,62.4,68.2,62.0,50.0,30.9,49.3,44.0,53,63.9,69.5,58.4,100.0,72.9,40.2,77.4,58.8,25.4,79.9,97.6,67.6,B
20120808,OIH,,,,,,,,,62.1,59.1,80.6,62.9,67.5,76.7,97.1,75.1,82.2,74.85,0.0,50.0,0.0,97.4,36.9,95.0,52.3,73.6,97.0,8.8,90.4,65.4,B
20120808,XLVO,,,,,,,,,62.1,77.2,64.9,80.6,75.2,50.0,47.3,38.4,45.1,60.15,58.4,69.5,69.5,100.0,74.3,42.8,64.4,53.6,45.5,78.9,46.4,56.9,B
20120808,PXLC,,,,,,,,,62.1,44.6,71.8,78.4,69.7,50.0,35.3,40.2,42.2,55.95,68.3,97.0,67.5,45.0,69.5,47.2,82.4,64.8,26.3,35.7,90.0,50.7,B
20120808,FCD,,,,,,,,,62.1,40.4,57.5,78.0,64.3,50.0,46.0,42.9,46.3,55.3,45.9,95.8,41.6,55.0,59.6,70.9,81.5,76.2,47.2,53.3,43.2,47.9,B
20120808,FMU,,,,,,,,,62.1,54.3,72.2,76.0,70.5,50.0,40.3,35.7,42.1,56.3,66.7,66.7,62.5,65.0,65.2,48.3,81.3,64.8,47.5,95.3,43.2,62.0,B
20120808,IFSM,,,,,,,,,62.1,28.3,32.6,24.4,27.7,50.0,45.9,64.5,53.9,40.8,67.1,98.2,99.1,100.0,91.1,44.4,58.4,51.4,19.4,95.1,98.4,71.0,B
20120808,VOOG,,,,,,,,,62.0,55.8,74.1,75.1,70.9,50.0,75.2,33.3,51.7,61.3,63.9,63.9,52.8,60.7,60.3,46.8,71.6,59.2,57.4,77.6,97.6,77.5,B
20120808,AUSE,,,,,,,,,62.0,54.4,77.5,62.0,65.1,50.0,50.0,41.5,47.0,56.05,64.2,98.6,96.6,50.0,77.3,32.9,75.6,54.3,48.6,36.6,85.6,56.9,B
20120808,VB,,,,,,,,,62.0,55.4,65.6,66.2,63.9,50.0,88.5,43.7,59.4,61.65,58.4,61.8,60.2,43.8,56.0,40.0,74.5,57.3,89.7,97.9,97.6,95.1,B
20120808,ECON,,,,,,,,,62.0,54.5,69.8,64.4,64.1,50.0,50.0,41.9,47.2,55.65,58.4,56.0,97.6,100.0,78.0,43.4,71.4,57.4,71.9,14.3,54.0,46.7,B
20120808,ILF,,,,,,,,,61.9,62.2,71.1,58.2,62.9,30.8,92.5,61.1,59.9,61.4,58.8,61.0,67.3,51.3,59.6,43.4,79.9,61.7,91.5,23.1,98.4,71.0,B
20120808,FLG,,,,,,,,,61.9,42.6,60.2,74.8,64.0,50.0,35.7,45.4,44.1,54.05,66.7,95.8,66.7,50.0,69.8,49.6,81.7,65.7,31.1,76.8,43.2,50.4,B
20120808,PWB,,,,,,,,,61.9,63.8,71.7,72.3,70.4,50.0,44.3,26.6,40.1,55.25,68.9,95.1,48.8,64.5,69.3,42.6,81.6,62.1,58.0,27.9,90.0,58.6,B
20120808,SLYG,,,,,,,,,61.9,52.6,63.5,69.5,64.3,50.0,23.2,63.3,46.6,55.45,64.5,65.3,61.7,67.8,64.8,41.6,81.5,61.5,41.7,80.1,98.0,73.3,B
20120808,BRAZ,,,,,,,,,61.9,49.3,71.4,60.7,61.6,50.0,63.3,78.1,63.8,62.7,57.7,59.6,98.1,100.0,78.8,44.6,69.8,57.2,40.7,26.6,0.0,22.4,B
20120808,VHT,,,,,,,,,61.9,54.0,63.5,76.1,67.9,50.0,69.1,21.9,45.9,56.9,68.0,95.8,59.7,62.5,71.5,22.9,75.6,49.2,80.9,78.3,97.6,85.6,B
20120808,SLX,,,,,,,,,61.8,71.7,71.4,55.4,63.5,0.0,81.6,79.1,52.2,57.85,62.2,95.2,63.5,66.7,71.9,46.9,67.3,57.1,72.7,9.3,90.4,57.5,B
20120808,SPHB,,,,,,,,,61.8,53.4,45.5,33.6,41.1,50.0,78.2,73.0,66.5,53.8,60.7,67.8,67.8,65.0,65.3,46.5,80.2,63.3,66.3,54.8,90.0,70.4,B
20120808,PSCU,,,,,,,,,61.8,50.3,45.3,75.9,61.6,50.0,50.8,34.0,44.6,53.1,62.0,96.3,58.4,58.4,68.8,60.0,80.6,70.3,27.7,5.4,90.0,41.1,B
20120808,PXLV,,,,,,,,,61.7,67.5,78.7,77.4,75.8,50.0,30.6,68.8,50.7,63.25,51.9,67.3,67.3,50.0,59.1,50.0,82.1,66.1,14.6,51.2,90.0,52.0,B
20120808,VONV,,,,,,,,,61.7,59.8,76.5,74.2,72.0,50.0,63.7,36.0,49.2,60.6,58.4,63.9,52.8,67.8,60.7,45.5,73.1,59.3,36.5,91.2,97.6,75.1,B
20120808,PBP,,,,,,,,,61.7,54.8,47.7,35.7,43.1,50.0,84.6,10.6,46.6,44.85,65.8,67.6,61.1,69.5,66.0,50.6,83.6,67.1,73.4,86.2,90.0,83.2,B
20120808,RYH,,,,,,,,,61.7,52.0,62.7,69.0,63.7,50.0,90.2,35.9,57.1,60.4,59.0,67.8,59.0,100.0,71.5,25.0,82.7,53.9,72.4,30.0,76.8,59.7,B
20120808,RWJ,,,,,,,,,61.7,66.7,70.2,65.5,67.2,50.0,59.5,48.3,52.2,59.7,63.7,53.3,63.7,63.2,61.0,44.8,81.1,63.0,56.3,89.2,52.4,66.0,B
20120808,PSL,,,,,,,,,61.7,43.7,63.1,71.1,63.2,50.0,21.8,39.6,37.9,50.55,51.5,68.4,68.4,58.4,61.6,73.8,79.0,76.4,29.6,33.2,90.0,50.9,B
20120808,MDYG,,,,,,,,,61.7,46.7,66.3,67.5,63.0,50.0,21.2,57.4,43.9,53.45,53.4,55.2,57.1,100.0,66.4,45.2,80.8,63.0,32.9,73.6,98.0,68.2,B
20120808,ROI,,,,,,,,,61.5,70.4,78.5,69.6,72.5,50.0,38.0,42.8,43.9,58.2,56.8,96.6,55.7,67.8,69.2,44.2,70.4,57.3,17.7,80.6,85.6,61.3,B
20120808,SPYV,,,,,,,,,61.5,43.0,44.0,37.2,40.4,50.0,36.9,33.7,40.4,40.4,69.3,98.4,98.0,40.0,76.4,45.2,82.1,63.7,39.9,81.5,98.0,73.1,B
20120808,DWM,,,,,,,,,61.4,37.8,24.3,28.4,29.1,50.0,68.8,65.6,61.1,45.1,68.9,98.7,98.0,63.2,82.2,42.0,59.0,50.5,65.9,91.5,85.6,81.0,B
20120808,EFAV,,,,,,,,,61.4,68.9,62.4,79.8,72.4,50.0,56.5,25.3,43.3,57.85,40.0,65.0,65.0,100.0,67.5,46.8,60.7,53.7,64.5,67.4,98.4,76.8,B
20120808,SCLP,,,,,,,,,61.4,67.4,81.9,81.1,78.6,50.0,18.6,82.9,52.1,65.35,68.8,68.8,50.0,50.0,59.4,46.5,80.4,63.4,19.9,82.1,46.4,49.4,B
20120808,SCOG,,,,,,,,,61.4,32.1,56.0,81.9,64.2,50.0,10.3,94.3,53.6,58.9,68.8,68.8,68.8,50.0,64.1,47.0,81.6,64.3,33.2,76.5,46.4,52.0,B
20120808,DXJ,,,,,,,,,61.4,27.9,26.9,22.4,24.9,50.0,78.5,56.7,60.9,42.9,68.9,98.0,68.8,65.0,75.2,44.5,71.2,57.9,81.1,90.9,85.6,85.9,B
20120808,ADRE,,,,,,,,,61.4,50.4,41.3,24.7,34.8,50.0,47.5,47.7,48.5,41.65,59.9,97.0,95.5,66.0,79.6,52.9,72.9,62.9,66.2,27.4,90.0,61.2,B
20120808,PYZ,,,,,,,,,61.3,71.0,72.8,65.2,68.6,50.0,57.1,51.9,52.8,60.7,64.7,60.3,60.3,65.9,62.8,44.2,79.5,61.9,48.5,33.0,90.0,57.2,B
20120808,VPU,,,,,,,,,61.3,41.4,58.9,75.3,63.6,50.0,80.2,25.9,50.7,57.15,48.6,68.0,55.5,52.4,56.1,57.9,74.5,66.2,87.0,39.9,97.6,74.8,B
20120808,NLR,,,,,,,,,61.3,32.8,29.2,19.2,24.9,50.0,66.1,43.9,52.7,38.8,57.1,97.5,96.5,100.0,87.8,55.5,67.8,61.6,50.6,4.2,90.4,48.4,B
20120808,DIM,,,,,,,,,61.2,29.3,34.2,26.0,29.1,50.0,65.5,74.1,63.1,46.1,60.1,98.0,98.7,63.2,80.0,42.9,63.4,53.1,50.7,87.6,85.6,74.6,B
20120808,MGK,,,,,,,,,61.2,58.8,77.0,74.2,72.0,50.0,78.1,30.6,51.6,61.8,60.7,65.5,48.8,58.4,58.3,43.1,70.8,57.0,77.2,67.7,97.6,80.8,B
20120808,SLVY,,,,,,,,,61.2,43.4,62.4,76.4,65.6,50.0,43.0,43.5,45.6,55.6,68.3,96.7,68.3,50.0,70.8,40.1,80.7,60.4,39.9,68.4,46.4,51.6,B
20120808,VPL,,,,,,,,,61.2,46.7,24.7,28.2,30.9,50.0,89.8,34.6,56.6,43.75,61.2,95.8,67.2,67.8,73.0,37.1,77.9,57.5,83.8,85.8,97.6,89.1,B
20120808,AXMT,,,,,,,,,61.2,68.2,35.9,5.5,27.2,50.0,8.0,92.0,52.1,39.65,63.0,96.0,98.0,100.0,89.2,42.9,68.0,55.4,9.2,68.3,98.4,58.6,B
20120808,EES,,,,,,,,,61.1,53.0,64.8,64.3,62.2,50.0,57.0,52.9,53.1,57.65,46.2,63.6,65.9,59.1,58.7,41.7,80.5,61.1,54.7,94.4,85.6,78.2,B
20120808,GWL,,,,,,,,,61.0,43.9,42.4,27.8,35.4,50.0,79.3,60.5,62.5,48.95,63.3,98.4,97.7,56.2,78.9,40.8,53.2,47.0,69.4,90.4,98.0,85.9,B
20120808,VBK,,,,,,,,,61.0,50.5,64.1,65.4,62.0,50.0,82.4,56.0,61.8,61.9,69.3,64.6,66.5,3.5,51.0,43.0,76.2,59.6,84.2,94.1,97.6,92.0,B
20120808,PAGG,,,,,,,,,60.9,51.1,65.8,62.7,61.3,50.0,45.6,36.8,44.1,52.7,59.5,97.8,97.8,68.8,81.0,43.4,57.4,50.4,53.1,28.3,90.0,57.2,B
20120808,RWK,,,,,,,,,60.9,55.9,62.5,59.6,59.7,50.0,45.1,54.2,50.0,54.85,67.5,60.9,63.7,54.4,61.6,50.8,79.8,65.3,55.1,83.4,52.4,63.6,B
20120808,SCJ,,,,,,,,,60.9,30.2,27.2,23.8,26.1,50.0,18.2,36.2,35.6,30.85,68.8,99.1,98.2,63.9,82.5,44.0,84.0,64.0,39.6,91.8,98.4,76.6,B
20120808,VXF,,,,,,,,,60.9,59.1,66.7,65.2,64.4,50.0,79.2,40.7,55.5,59.95,63.5,66.7,60.6,30.6,55.3,40.2,73.3,56.8,80.5,99.4,97.6,92.5,B
20120808,RHS,,,,,,,,,60.9,57.7,68.8,75.3,69.8,50.0,37.8,38.3,42.2,56,62.7,48.9,46.0,46.8,51.1,74.8,82.6,78.7,52.9,23.9,76.8,51.2,B
20120808,LWPE,,,,,,,,,60.8,57.4,40.0,43.6,45.3,50.0,53.0,33.8,45.2,45.25,68.3,96.7,96.7,55.0,79.2,48.6,78.5,63.5,2.3,84.8,46.4,44.5,B
20120808,SPLV,,,,,,,,,60.8,47.8,63.7,79.0,68.2,50.0,88.5,20.1,51.1,59.65,46.5,64.3,39.3,39.3,47.3,56.4,82.8,69.6,91.9,53.9,90.0,78.6,B
20120808,XHS,,,,,,,,,60.8,52.7,59.6,78.9,67.9,50.0,36.4,61.4,49.9,58.9,61.4,65.9,65.9,100.0,73.3,24.4,82.2,53.3,25.9,30.9,98.0,51.6,B
20120808,VTHR,,,,,,,,,60.8,50.7,74.5,73.5,69.2,50.0,37.9,47.4,45.5,57.35,58.4,69.5,52.8,53.5,58.5,44.1,72.7,58.4,59.1,99.3,97.6,85.3,B
20120808,PMA,,,,,,,,,60.8,59.7,77.3,72.0,71.1,50.0,27.3,34.9,37.9,54.5,54.0,97.0,57.0,56.8,66.2,49.7,82.0,65.9,27.1,27.9,90.0,48.4,B
20120808,GVT,,,,,,,,,60.8,81.2,82.1,64.2,73.0,50.0,15.8,29.9,32.7,52.85,62.5,95.8,95.8,58.4,78.1,49.5,79.9,64.7,4.3,20.4,38.0,20.9,B
20120808,DOL,,,,,,,,,60.8,44.8,26.7,29.3,31.6,50.0,70.4,67.2,62.1,46.85,69.6,98.7,98.0,60.3,81.6,41.7,57.6,49.6,63.4,71.6,85.6,73.5,B
20120808,DOO,,,,,,,,,60.7,39.1,39.8,26.3,32.9,50.0,73.7,73.6,65.4,49.15,98.7,42.2,98.7,66.2,76.4,45.3,62.2,53.8,70.7,51.6,85.6,69.3,B
20120808,VTWV,,,,,,,,,60.7,59.0,63.6,68.0,64.9,50.0,46.4,54.1,50.4,57.65,41.6,69.5,52.8,100.0,66.0,37.7,70.2,53.9,29.0,97.0,97.6,74.5,B
20120808,JKK,,,,,,,,,60.6,44.4,63.2,64.6,60.2,50.0,44.6,64.1,53.3,56.75,40.3,61.8,63.8,68.5,58.6,40.6,82.4,61.5,53.3,75.8,98.4,75.8,B
20120808,VOT,,,,,,,,,60.6,62.0,68.8,64.1,65.1,50.0,72.5,58.2,59.6,62.35,53.0,61.0,49.0,38.6,50.4,43.5,77.9,60.7,83.3,74.3,97.6,85.1,B
20120808,PXF,,,,,,,,,60.5,38.3,40.1,25.4,32.4,50.0,61.8,73.3,61.7,47.05,64.2,98.3,96.7,97.0,89.0,32.4,42.8,37.6,67.7,94.9,90.0,84.2,B
20120808,PKOL,,,,,,,,,60.5,43.0,30.8,17.9,26.8,50.0,24.6,71.2,49.8,38.3,67.2,97.8,98.9,67.8,82.9,67.7,64.3,66.0,28.3,10.4,90.0,42.9,B
20120808,FHC,,,,,,,,,60.4,44.0,58.6,76.5,64.6,50.0,38.4,59.5,49.8,57.2,95.8,95.8,45.9,60.7,74.6,25.0,82.9,53.9,31.4,65.5,43.2,46.7,B
20120808,IPS,,,,,,,,,60.4,58.6,61.8,72.4,66.5,50.0,43.2,44.6,46.1,56.3,54.6,33.1,68.6,96.9,63.3,71.2,56.2,63.7,31.2,32.4,98.0,53.9,B
20120808,IYG,,,,,,,,,60.4,47.5,34.7,31.0,35.4,50.0,69.6,52.0,56.6,46,97.6,70.0,95.2,52.1,78.7,19.4,82.0,50.7,75.2,59.2,98.4,77.6,B
20120808,AGEM,,,,,,,,,60.3,25.0,38.3,36.6,34.8,50.0,52.6,78.4,60.7,47.75,58.8,62.9,97.3,100.0,79.8,47.7,70.6,59.2,24.2,52.1,54.0,43.4,B
20120808,IWC,,,,,,,,,60.3,28.5,25.1,30.3,28.4,0.0,90.3,51.5,45.1,36.75,67.7,96.3,62.8,69.7,74.1,37.6,81.7,59.7,77.6,96.8,98.4,90.9,B
20120808,PBW,,,,,,,,,60.2,40.8,24.9,17.1,24.2,50.0,90.0,70.8,69.3,46.75,46.7,68.5,68.3,100.0,70.9,55.5,71.2,63.3,58.7,30.2,90.0,59.6,B
20120808,PJP,,,,,,,,,60.2,39.2,57.3,76.9,63.5,50.0,80.7,43.7,57.0,60.25,59.0,96.9,45.4,64.2,66.3,26.5,82.8,54.6,73.9,11.9,90.0,58.6,B
20120808,EPI,,,,,,,,,60.2,36.4,33.0,22.4,28.4,93.4,97.3,58.5,82.3,55.35,57.4,99.0,98.2,58.4,78.2,38.2,41.0,39.6,92.5,68.2,85.6,82.1,B
20120808,CWI,,,,,,,,,60.2,38.5,40.8,26.7,33.3,50.0,52.8,58.8,53.9,43.6,60.0,99.2,98.5,69.5,81.8,40.1,52.9,46.5,70.2,89.8,98.0,86.0,B
20120808,VONG,,,,,,,,,60.1,57.4,72.6,72.6,69.5,50.0,54.2,31.3,44.7,57.1,58.4,63.9,52.8,67.8,60.7,43.4,72.4,57.9,36.4,88.6,97.6,74.2,B
20120808,IOIL,,,,,,,,,60.1,56.4,48.2,36.0,43.8,50.0,37.1,88.8,59.7,51.75,67.3,67.3,63.5,50.0,62.0,84.6,62.4,73.5,27.7,37.2,54.0,39.6,B
20120808,RFG,,,,,,,,,60.1,58.4,66.7,63.4,63.4,50.0,53.5,46.0,49.6,56.5,63.3,57.5,59.4,52.8,58.2,43.8,81.1,62.5,76.1,55.6,76.8,69.5,B
20120808,IHE,,,,,,,,,60.1,39.0,55.9,75.5,62.3,50.0,70.5,36.1,51.3,56.8,55.0,97.3,59.6,59.0,67.8,25.5,82.6,54.0,74.4,21.1,98.4,64.7,B
20120808,PRN,,,,,,,,,60.0,42.6,59.7,60.4,56.6,50.0,18.1,58.7,43.5,50.05,66.9,95.6,66.9,97.8,81.8,50.0,50.0,50.0,24.6,50.0,90.0,54.9,B
20120808,IXP,,,,,,,,,60.0,61.6,62.3,73.4,67.7,50.0,71.4,37.2,51.9,59.8,66.2,61.5,68.9,67.8,66.1,34.1,70.2,52.2,78.2,21.2,98.4,66.0,B
20120808,GNR,,,,,,,,,60.0,46.7,39.9,25.9,34.3,50.0,82.8,48.8,59.4,46.85,63.2,69.1,66.2,100.0,74.6,53.5,53.6,53.6,75.6,51.5,98.0,75.0,B
20120808,AXSL,,,,,,,,,60.0,63.0,71.7,69.0,68.6,50.0,20.9,34.4,35.8,52.2,53.0,39.0,65.0,100.0,64.2,70.7,58.6,64.7,12.1,59.5,98.4,56.7,B
20120808,VO,,,,,,,,,60.0,63.6,71.1,66.2,67.1,50.0,84.2,41.3,57.2,62.15,64.6,65.6,60.9,3.5,48.6,42.1,76.4,59.2,86.5,85.2,97.6,89.8,B
20120808,PUI,,,,,,,,,59.9,32.4,60.3,71.9,60.5,50.0,54.0,33.5,45.4,52.95,44.0,96.8,61.1,49.0,62.8,51.9,81.7,66.8,33.3,32.2,90.0,51.8,B
20120808,URA,,,,,,,,,59.9,25.0,22.1,18.8,21.0,75.3,78.4,72.2,75.2,48.1,62.5,67.8,95.2,100.0,81.4,53.1,72.6,62.9,62.8,4.4,0.0,22.4,B
20120808,SDY,,,,,,,,,59.9,57.8,72.0,70.2,68.3,26.4,92.0,23.8,45.2,56.75,58.4,57.1,44.8,44.2,51.1,49.6,82.7,66.1,93.7,40.6,98.0,77.5,B
20120808,PSCC,,,,,,,,,59.9,47.2,58.1,73.1,63.4,50.0,27.3,44.1,41.1,52.25,38.0,62.0,45.4,65.0,52.6,75.0,82.8,78.9,47.6,5.8,90.0,47.8,B
20120808,MDYV,,,,,,,,,59.9,51.5,66.2,68.7,64.5,50.0,42.2,44.4,45.7,55.1,62.6,58.4,61.4,53.5,59.0,42.0,79.9,61.0,44.4,78.5,98.0,73.7,B
20120808,JKH,,,,,,,,,59.9,55.4,69.6,64.9,64.4,50.0,56.7,42.2,49.3,56.85,37.2,59.7,65.8,56.0,54.7,43.1,81.4,62.2,62.9,70.7,98.4,77.3,B
20120808,CNDA,,,,,,,,,59.9,51.6,42.2,21.2,33.6,50.0,50.0,70.2,57.1,45.35,97.2,69.5,69.5,100.0,84.0,47.0,61.0,54.0,33.7,57.8,54.0,48.5,B
20120808,EWMD,,,,,,,,,59.8,60.8,46.0,27.3,39.6,50.0,39.5,20.9,36.7,38.15,95.8,95.8,66.7,58.4,79.2,43.5,80.3,61.9,21.8,83.5,76.8,60.7,B
20120808,DTH,,,,,,,,,59.8,43.4,25.0,28.0,30.2,50.0,58.1,67.9,58.7,44.45,67.5,99.3,98.7,63.2,82.2,38.2,58.1,48.2,55.2,80.8,85.6,73.9,B
20120808,LGEM,,,,,,,,,59.8,47.7,33.8,25.0,32.2,50.0,43.9,93.3,63.3,47.75,58.4,96.5,67.8,100.0,80.7,48.9,72.7,60.8,22.3,15.2,54.0,30.5,B
20120808,RPG,,,,,,,,,59.8,51.0,65.5,66.0,62.9,50.0,70.3,43.8,53.9,58.4,62.1,62.1,46.8,56.2,56.8,39.2,82.4,60.8,70.0,63.0,76.8,69.9,B
20120808,IGF,,,,,,,,,59.8,16.8,29.3,28.4,26.3,50.0,62.5,59.0,56.9,41.6,47.3,98.2,98.2,65.0,77.2,40.3,74.0,57.1,73.2,38.9,98.4,70.2,B
20120808,XHE,,,,,,,,,59.8,48.4,57.8,69.5,61.8,50.0,39.8,70.7,54.2,58,69.1,69.1,69.1,66.7,68.5,24.9,81.7,53.3,46.3,31.1,98.0,58.5,B
20120808,DON,,,,,,,,,59.8,58.5,70.5,68.9,67.3,50.0,71.7,20.6,46.2,56.75,65.5,52.5,59.5,54.1,57.9,36.7,80.1,58.4,68.5,81.2,85.6,78.4,B
20120808,IVOV,,,,,,,,,59.8,67.8,71.1,68.5,69.1,50.0,33.5,18.9,34.1,51.6,58.4,63.9,52.8,100.0,68.8,40.1,75.2,57.6,14.8,78.2,97.6,63.5,B
20120808,EPS,,,,,,,,,59.7,53.6,46.6,39.4,44.4,50.0,42.6,22.7,38.2,41.3,65.9,96.2,67.4,61.4,72.7,45.4,78.2,61.8,36.0,87.7,85.6,69.8,B
20120808,LBTA,,,,,,,,,59.7,39.2,67.9,79.4,67.9,50.0,48.1,20.2,39.0,53.45,58.4,96.7,65.0,37.5,64.4,47.0,81.6,64.3,41.2,64.3,46.4,50.6,B
20120808,DWX,,,,,,,,,59.7,34.6,32.9,23.0,28.3,50.0,78.3,78.4,68.4,48.35,40.7,61.2,95.1,100.0,74.3,37.6,62.0,49.8,83.4,56.8,98.0,79.4,B
20120808,DEW,,,,,,,,,59.7,40.4,23.9,31.6,31.1,50.0,48.5,55.3,51.4,41.25,66.9,99.3,96.6,66.2,82.2,40.8,61.7,51.3,47.3,83.9,85.6,72.3,B
20120808,PXLG,,,,,,,,,59.6,64.4,80.1,79.0,76.4,50.0,38.2,39.8,42.9,59.65,48.1,67.3,63.5,58.4,59.3,51.2,80.6,65.9,8.9,26.4,90.0,41.7,B
20120808,RTM,,,,,,,,,59.5,60.6,70.6,62.1,64.3,50.0,35.5,58.4,48.6,56.45,64.8,68.5,67.0,57.6,64.5,44.9,82.7,63.8,30.4,16.5,76.8,41.2,B
20120808,PDP,,,,,,,,,59.5,41.3,61.7,66.8,60.2,50.0,85.5,37.2,56.2,58.2,59.9,54.4,52.0,65.0,57.8,34.8,79.8,57.3,81.4,55.1,90.0,75.5,B
20120808,PXMV,,,,,,,,,59.5,69.0,74.4,75.8,74.0,50.0,17.5,36.7,35.6,54.8,51.2,66.8,67.7,65.0,62.7,39.0,81.4,60.2,22.2,72.7,90.0,61.6,B
20120808,DFJ,,,,,,,,,59.4,37.3,27.4,25.2,28.3,50.0,67.7,29.3,48.1,38.2,96.6,98.7,97.2,100.0,98.1,47.0,25.2,36.1,62.7,83.6,85.6,77.3,B
20120808,IAI,,,,,,,,,59.4,31.9,25.0,21.2,24.4,50.0,86.2,79.9,71.3,47.85,96.0,41.6,96.0,96.0,82.4,18.6,82.6,50.6,49.2,7.3,98.4,51.6,B
20120808,IYC,,,,,,,,,59.4,54.0,71.2,76.0,70.2,50.0,83.1,29.4,52.7,61.45,69.3,62.5,38.7,62.2,58.2,20.8,82.3,51.6,72.9,70.2,98.4,80.5,B
20120808,LIT,,,,,,,,,59.4,41.1,23.4,20.3,25.4,50.0,68.5,32.6,49.5,37.45,69.8,95.8,96.0,100.0,90.4,48.5,80.7,64.6,45.9,4.0,0.0,16.6,B
20120808,RYJ,,,,,,,,,59.4,49.9,66.8,64.7,62.4,50.0,62.8,53.8,55.2,58.8,66.1,68.3,66.1,37.5,59.5,39.4,77.6,58.5,48.4,64.7,76.8,63.3,B
20120808,DLS,,,,,,,,,59.3,39.6,35.5,25.0,31.1,50.0,51.5,50.9,50.7,40.9,96.0,98.7,98.7,66.2,89.9,41.6,38.9,40.2,63.9,90.6,85.6,80.0,B
20120808,VBR,,,,,,,,,59.3,68.8,67.0,66.4,67.1,50.0,78.3,32.9,52.5,59.8,55.2,61.5,59.0,34.4,52.5,37.0,72.9,54.9,80.8,95.0,97.6,91.1,B
20120808,VT,,,,,,,,,59.2,39.5,41.5,32.4,36.6,50.0,84.5,43.3,58.0,47.3,55.5,69.5,58.4,100.0,70.8,36.8,60.0,48.4,81.5,99.7,97.6,92.9,B
20120808,PBD,,,,,,,,,59.2,47.4,27.6,17.6,26.5,50.0,59.2,61.3,56.7,41.6,58.4,99.2,98.3,100.0,89.0,44.3,49.2,46.8,36.8,53.8,90.0,60.2,B
20120808,ENY,,,,,,,,,59.2,35.7,42.9,25.3,32.7,50.0,55.6,71.8,59.3,46,60.6,69.0,69.0,100.0,74.7,74.0,45.9,59.9,52.9,21.6,76.8,50.4,B
20120808,RZV,,,,,,,,,59.2,62.9,66.1,62.7,63.7,50.0,67.8,66.1,61.0,62.35,64.2,55.0,62.4,46.8,57.1,33.5,81.4,57.4,42.2,65.3,76.8,61.4,B
20120808,PXSC,,,,,,,,,59.2,44.5,30.7,41.6,38.9,50.0,20.2,81.1,51.9,45.4,48.1,57.1,67.5,100.0,68.2,44.0,82.0,63.0,9.6,86.1,90.0,61.9,B
20120808,DTN,,,,,,,,,59.2,68.5,80.7,75.4,75.6,50.0,72.5,19.2,45.9,60.75,63.5,62.6,56.1,2.0,46.1,53.3,80.1,66.7,84.0,43.4,85.6,71.0,B
20120808,NUCL,,,,,,,,,59.1,46.2,45.8,22.6,34.3,50.0,2.7,46.2,34.5,34.4,65.0,96.0,66.0,100.0,81.8,58.6,77.6,68.1,10.3,7.4,98.4,38.7,B
20120808,VYM,,,,,,,,,59.1,42.5,45.7,43.0,43.7,50.0,85.6,20.5,50.3,47,62.5,64.6,47.9,53.2,57.1,52.3,73.4,62.9,89.0,84.7,97.6,90.4,B
20120808,SIL,,,,,,,,,59.1,72.1,70.3,55.3,63.2,29.1,79.4,76.0,60.6,61.9,98.1,98.1,67.3,50.0,78.4,50.5,42.1,46.3,76.6,17.8,0.0,31.5,B
20120808,PSJ,,,,,,,,,59.0,67.1,70.0,68.6,68.7,50.0,35.2,45.9,44.1,56.4,66.3,62.0,65.1,50.0,60.9,52.3,76.5,64.4,33.0,13.2,90.0,45.4,B
20120808,PZD,,,,,,,,,58.9,23.0,28.5,21.4,23.9,50.0,52.4,71.0,58.1,41,66.9,61.0,98.5,100.0,81.6,50.2,61.5,55.9,38.0,32.8,90.0,53.6,B
20120808,KWT,,,,,,,,,58.9,55.3,28.0,16.9,27.9,50.0,72.2,84.7,68.8,48.35,61.1,60.5,69.6,100.0,72.8,57.9,64.4,61.2,25.6,8.9,90.4,41.6,B
20120808,VGK,,,,,,,,,58.8,40.9,26.2,29.6,30.8,95.2,96.8,75.2,88.6,59.7,64.4,96.9,97.1,60.7,79.8,22.8,28.3,25.5,95.6,85.7,97.6,93.0,B
20120808,EWT,,,,,,,,,58.7,51.4,40.0,25.5,35.0,35.7,96.4,41.6,56.0,45.5,60.0,66.2,64.2,65.0,63.8,36.4,79.9,58.2,94.6,60.8,98.4,84.6,B
20120808,GERJ,,,,,,,,,58.7,55.9,47.2,18.2,34.4,50.0,6.8,72.5,44.9,39.65,67.8,96.5,64.3,100.0,82.1,44.1,71.3,57.7,3.6,51.0,90.4,48.3,B
20120808,ASEA,,,,,,,,,58.7,44.0,56.6,73.5,62.5,50.0,52.2,25.3,42.0,52.25,66.7,62.5,97.2,100.0,81.6,30.2,78.2,54.2,44.3,22.9,0.0,22.4,B
20120808,EEMS,,,,,,,,,58.6,42.2,36.6,41.0,39.9,50.0,34.0,68.5,51.7,45.8,58.4,55.0,95.8,100.0,77.3,28.4,67.7,48.1,27.5,90.5,98.4,72.1,B
20120808,XPH,,,,,,,,,58.5,43.3,56.2,71.0,61.0,50.0,87.7,55.0,63.1,62.05,53.4,96.0,49.3,33.4,58.0,25.0,82.7,53.9,81.5,11.6,98.0,63.7,B
20120808,RYU,,,,,,,,,58.5,40.2,59.4,77.9,64.8,50.0,46.3,47.8,48.1,56.45,41.6,59.8,65.6,40.2,51.8,57.9,82.5,70.2,50.2,22.3,76.8,49.8,B
20120808,IYF,,,,,,,,,58.5,44.6,34.9,33.5,36.2,50.0,86.2,31.4,54.3,45.25,68.5,67.8,96.8,52.6,71.5,17.8,80.4,49.1,88.7,75.7,98.4,87.6,B
20120808,GEX,,,,,,,,,58.5,48.9,31.6,18.8,28.7,0.0,43.2,71.3,37.9,33.3,60.9,96.8,69.8,100.0,81.8,57.9,70.7,64.3,32.3,17.1,90.4,46.6,B
20120808,XTL,,,,,,,,,58.5,58.6,48.1,29.2,40.7,50.0,15.7,60.8,43.5,42.1,51.5,69.1,69.1,100.0,72.4,46.6,82.4,64.5,13.6,30.6,98.0,47.4,B
20120808,AIA,,,,,,,,,58.4,45.8,43.6,29.8,37.1,50.0,52.0,51.7,51.2,44.15,65.3,50.9,98.2,65.0,69.9,39.2,80.6,59.9,59.5,29.0,98.4,62.3,B
20120808,XHMO,,,,,,,,,58.4,50.7,49.5,48.7,49.3,50.0,35.9,100.0,63.3,56.3,63.9,63.9,69.5,100.0,74.3,41.6,58.9,50.3,2.4,75.3,46.4,41.4,B
20120808,EWK,,,,,,,,,58.4,23.2,33.4,28.8,29.0,50.0,79.1,81.6,69.8,49.4,52.1,57.7,69.6,66.7,61.5,47.1,79.6,63.3,57.0,27.3,98.4,60.9,B
20120808,FEFN,,,,,,,,,58.3,89.9,83.3,73.5,79.7,50.0,3.9,22.0,26.4,53.05,45.0,50.0,98.3,100.0,73.3,19.3,85.8,52.5,1.8,40.0,98.4,46.7,B
20120808,EWZS,,,,,,,,,58.2,51.9,47.5,27.0,38.1,50.0,25.7,67.8,48.9,43.5,59.8,67.8,95.7,100.0,80.8,26.6,71.5,49.1,48.7,39.5,98.4,62.2,B
20120808,RTR,,,,,,,,,58.2,69.0,77.0,59.9,66.9,50.0,28.5,78.8,53.6,60.25,58.8,98.8,68.8,46.5,68.2,54.0,42.4,48.2,36.2,67.3,52.4,52.0,B
20120808,PLND,,,,,,,,,58.2,39.9,23.7,25.5,27.8,50.0,61.6,85.0,65.7,46.75,56.5,95.5,98.2,100.0,87.5,42.7,44.8,43.8,41.0,11.2,90.4,47.6,B
20120808,PSCH,,,,,,,,,58.2,51.9,58.5,73.8,64.8,50.0,73.1,45.1,55.2,60,38.0,96.3,54.6,50.0,59.7,25.0,82.9,53.9,56.5,35.5,90.0,60.7,B
20120808,RWG,,,,,,,,,58.1,44.1,57.8,56.6,54.4,50.0,14.1,98.3,56.1,55.25,56.8,97.0,41.6,100.0,73.8,38.9,73.0,55.9,9.3,31.4,38.0,26.2,B
20120808,CCXE,,,,,,,,,58.1,45.4,42.1,38.8,41.1,50.0,23.8,52.7,43.1,42.1,58.5,99.3,68.5,100.0,81.6,39.6,62.3,50.9,21.9,63.5,85.6,57.0,B
20120808,PBS,,,,,,,,,58.1,76.7,82.3,76.6,78.4,50.0,90.0,42.3,59.3,68.85,65.1,44.1,50.3,63.2,55.7,22.1,80.4,51.3,56.4,14.1,90.0,53.5,B
20120808,GDXJ,,,,,,,,,58.0,35.4,29.2,19.0,25.4,45.4,95.9,84.2,74.1,49.75,65.0,96.0,96.2,50.0,76.8,45.2,37.9,41.5,94.7,42.3,90.4,75.8,B
20120808,SLBT,,,,,,,,,57.9,65.0,36.6,48.1,48.0,50.0,0.0,36.6,30.3,39.15,51.6,96.7,68.3,100.0,79.2,40.1,79.9,60.0,6.1,80.2,46.4,44.2,B
20120808,EWS,,,,,,,,,57.9,52.9,62.6,71.7,65.2,0.0,94.0,25.6,37.2,51.2,56.0,49.3,99.5,41.6,61.6,30.0,84.5,57.3,89.8,18.2,98.4,68.8,B
20120808,GUR,,,,,,,,,57.9,45.4,24.2,26.2,29.5,50.0,65.8,77.6,64.4,46.95,61.8,67.5,95.8,50.0,68.8,48.1,61.4,54.8,60.5,43.0,98.0,67.2,B
20120808,EWEF,,,,,,,,,57.8,47.6,43.2,28.3,36.7,50.0,40.7,75.6,56.2,46.45,60.3,69.1,97.0,67.8,73.6,39.4,61.7,50.5,31.0,92.6,76.8,66.8,B
20120808,SHBT,,,,,,,,,57.8,19.1,20.3,26.9,23.4,50.0,30.2,58.9,47.2,35.3,96.7,68.3,68.3,62.5,74.0,60.1,78.3,69.2,14.3,67.5,46.4,42.7,B
20120808,ENZL,,,,,,,,,57.7,53.1,78.6,67.7,68.1,50.0,59.9,42.7,50.4,59.25,95.7,0.0,64.2,50.0,52.5,39.0,85.6,62.3,62.0,6.4,98.4,55.6,B
20120808,ONEQ,,,,,,,,,57.7,60.1,72.5,70.6,69.1,50.0,29.7,41.5,40.9,55,69.7,98.0,65.7,65.0,74.6,50.0,50.0,50.0,64.7,50.0,0.0,38.2,B
20120808,JXI,,,,,,,,,57.7,28.6,28.9,26.4,27.6,50.0,69.6,39.7,52.3,39.95,55.7,56.5,97.8,60.0,67.5,52.1,72.2,62.1,67.9,37.8,98.4,68.1,B
20120808,MCHI,,,,,,,,,57.6,32.9,34.1,12.6,23.1,50.0,87.9,52.4,62.2,42.65,63.2,69.1,97.0,50.0,69.8,42.4,62.6,52.5,81.8,64.4,98.4,81.5,B
20120808,HMTM,,,,,,,,,57.6,49.4,46.4,80.3,63.9,50.0,48.2,77.3,59.0,61.45,51.6,65.0,55.0,50.0,55.4,36.6,81.8,59.2,33.4,63.8,46.4,47.9,B
20120808,KBWI,,,,,,,,,57.6,62.4,83.1,82.8,78.8,50.0,46.8,99.9,66.5,72.65,63.9,0.0,63.9,100.0,57.0,14.9,77.9,46.4,46.7,6.1,90.0,47.6,B
20120808,VOOV,,,,,,,,,57.5,67.6,78.5,72.4,73.3,50.0,70.0,30.0,49.0,61.15,39.3,46.5,53.5,46.5,46.4,43.4,74.1,58.8,49.8,81.4,97.6,76.2,B
20120808,FLM,,,,,,,,,57.5,57.6,72.6,59.4,63.0,50.0,40.6,77.5,56.8,59.9,65.0,95.5,96.7,100.0,89.3,31.5,34.6,33.1,41.3,43.6,0.0,28.3,B
20120808,GWX,,,,,,,,,57.5,38.4,33.8,23.7,29.7,50.0,87.8,40.9,58.1,43.9,66.4,99.2,96.1,63.9,81.4,37.9,35.9,36.9,76.4,91.4,98.0,88.6,B
20120808,EMMT,,,,,,,,,57.5,41.2,33.5,21.1,28.9,50.0,21.2,75.7,50.4,39.65,51.6,98.3,98.3,65.0,78.3,42.5,73.4,58.0,7.3,34.9,98.4,46.9,B
20120808,PBE,,,,,,,,,57.4,43.0,55.5,65.9,58.2,50.0,29.1,68.2,50.1,54.15,53.3,42.9,67.6,100.0,65.9,25.9,82.8,54.4,48.6,13.6,90.0,50.8,B
20120808,EXT,,,,,,,,,57.4,48.9,43.2,37.5,41.5,50.0,57.4,30.3,45.3,43.4,64.4,69.7,67.4,45.5,61.7,45.1,78.7,61.9,34.9,96.9,85.6,72.5,B
20120808,EMIF,,,,,,,,,57.3,49.2,67.7,67.3,63.8,50.0,51.3,49.1,50.1,56.95,56.6,55.2,32.9,60.7,51.4,53.7,75.6,64.7,49.4,15.5,98.4,54.4,B
20120808,RZG,,,,,,,,,57.3,51.0,64.1,66.6,62.7,50.0,45.1,48.5,48.0,55.35,46.7,56.6,54.0,52.2,52.4,40.5,82.1,61.3,55.5,65.1,76.8,65.8,B
20120808,RFV,,,,,,,,,57.2,58.7,65.4,61.5,62.1,50.0,23.9,60.8,45.9,54,68.5,59.2,64.0,45.9,59.4,42.0,76.6,59.3,31.9,52.9,76.8,53.9,B
20120808,IPN,,,,,,,,,57.2,47.2,44.5,26.6,36.1,50.0,29.0,55.5,45.6,40.85,58.6,60.7,69.9,59.4,62.2,69.8,62.7,66.2,27.5,66.4,98.0,64.0,B
20120808,FDT,,,,,,,,,57.2,48.4,69.8,64.1,62.7,50.0,79.9,70.8,66.2,64.45,32.1,96.5,96.5,97.3,80.6,31.5,34.6,33.1,67.6,43.6,0.0,37.1,B
20120808,FOS,,,,,,,,,57.0,28.0,26.3,34.6,30.8,50.0,40.8,71.9,54.9,42.85,66.7,66.7,66.7,65.0,66.2,42.5,79.7,61.1,44.4,92.2,43.2,59.9,B
20120808,EPU,,,,,,,,,57.0,51.5,54.3,55.5,54.3,50.0,83.3,27.1,52.0,53.15,97.3,68.2,98.7,40.2,76.1,16.2,62.1,39.1,84.6,10.2,98.4,64.4,B
20120808,MDD,,,,,,,,,57.0,31.3,37.5,26.5,30.7,50.0,28.1,65.6,48.9,39.8,58.4,99.0,99.0,62.5,79.7,37.3,56.4,46.8,29.5,84.3,98.0,70.6,B
20120808,CHXX,,,,,,,,,56.9,30.6,26.0,23.6,25.7,50.0,50.0,76.5,59.3,42.5,61.6,98.3,98.3,100.0,89.6,51.0,39.4,45.2,43.0,15.7,54.0,37.6,B
20120808,IXG,,,,,,,,,56.9,41.6,40.2,28.0,34.4,50.0,60.0,56.9,55.4,44.9,66.8,62.5,97.4,65.0,72.9,15.6,75.1,45.3,68.0,72.3,98.4,79.6,B
20120808,PWND,,,,,,,,,56.9,28.5,27.9,17.0,22.5,50.0,23.1,79.6,52.3,37.4,96.8,96.5,97.8,100.0,97.8,33.3,46.0,39.7,19.1,22.6,90.0,43.9,B
20120808,PSCD,,,,,,,,,56.8,61.1,69.8,72.7,69.5,50.0,42.7,64.0,52.7,61.1,67.6,60.2,63.9,66.7,64.6,5.2,80.4,42.8,40.3,58.3,90.0,62.9,B
20120808,CROP,,,,,,,,,56.8,48.3,35.0,33.3,36.8,50.0,55.6,24.4,42.7,39.75,64.3,67.8,67.8,100.0,75.0,65.7,52.2,58.9,51.4,36.4,54.0,47.3,B
20120808,CZA,,,,,,,,,56.8,44.4,67.5,69.8,64.0,50.0,61.1,40.2,49.9,56.95,57.5,57.5,52.5,45.0,53.1,53.3,66.9,60.1,40.9,55.3,76.8,57.7,B
20120808,FUI,,,,,,,,,56.8,40.9,58.5,77.7,64.6,50.0,57.6,34.6,46.9,55.75,0.0,66.7,66.7,55.0,47.1,65.1,82.8,73.9,32.4,36.8,43.2,37.5,B
20120808,VEU,,,,,,,,,56.8,47.2,27.4,28.7,32.0,0.0,93.6,57.8,48.3,40.15,57.6,95.7,68.5,100.0,80.4,28.5,44.9,36.7,91.0,98.9,97.6,95.8,B
20120808,GML,,,,,,,,,56.8,53.9,71.8,58.2,61.4,50.0,27.9,68.0,49.6,55.5,55.9,97.5,97.5,52.8,75.9,24.4,42.6,33.5,59.9,60.4,98.0,72.8,B
20120808,XLF,,,,,,,,,56.7,50.4,37.4,32.5,37.5,59.0,99.8,37.0,63.6,50.55,65.3,41.6,96.0,49.5,63.1,15.6,82.4,49.0,99.5,40.4,98.0,79.3,B
20120808,BIK,,,,,,,,,56.7,52.1,44.6,25.5,36.6,50.0,79.8,69.0,65.6,51.1,63.6,67.3,97.3,69.5,74.4,35.5,50.0,42.7,66.7,22.8,98.0,62.5,B
20120808,CHIE,,,,,,,,,56.7,19.0,30.6,23.2,24.6,50.0,16.2,56.5,42.2,33.4,56.2,96.9,96.9,100.0,87.5,73.5,58.7,66.1,7.7,9.9,0.0,5.9,B
20120808,BRF,,,,,,,,,56.6,53.0,69.1,53.9,58.3,0.0,87.7,81.0,54.7,56.5,58.9,66.7,98.4,100.0,81.0,32.6,22.7,27.7,83.2,38.4,90.4,70.7,B
20120808,MGV,,,,,,,,,56.6,38.4,42.5,38.3,39.6,50.0,74.2,24.2,48.2,43.9,56.0,65.5,58.4,55.5,58.8,47.6,73.9,60.8,61.5,66.5,97.6,75.2,B
20120808,PMR,,,,,,,,,56.6,61.1,63.8,69.6,66.1,50.0,85.1,35.5,55.5,60.8,51.0,98.8,1.9,58.4,52.5,30.9,82.8,56.9,63.2,12.1,90.0,55.1,B
20120808,HGI,,,,,,,,,56.6,37.1,37.5,24.2,30.8,50.0,62.9,57.1,56.4,43.6,56.4,98.3,97.5,61.9,78.5,41.8,48.6,45.2,49.5,64.9,76.8,63.7,B
20120808,CHII,,,,,,,,,56.5,37.8,24.9,20.0,25.0,50.0,50.0,59.1,53.2,39.1,65.6,96.9,98.5,100.0,90.2,72.3,38.5,55.4,12.1,20.6,0.0,10.9,B
20120808,EPOL,,,,,,,,,56.5,40.2,25.8,26.5,29.0,50.0,50.0,83.6,61.8,45.4,58.4,58.4,96.3,58.4,67.8,35.7,72.3,54.0,66.0,26.0,98.4,63.5,B
20120808,WMCR,,,,,,,,,56.5,48.5,57.9,65.1,59.6,50.0,14.1,62.4,43.6,51.6,35.5,96.9,66.2,100.0,74.6,34.2,48.6,41.4,15.7,93.5,76.8,62.0,B
20120808,CGW,,,,,,,,,56.5,22.5,33.7,33.9,31.6,50.0,54.1,49.8,51.2,41.4,63.4,45.0,97.5,66.7,68.1,68.6,52.2,60.4,60.3,28.1,76.8,55.1,B
20120808,WXSP,,,,,,,,,56.5,31.3,50.8,57.4,50.2,50.0,16.0,16.5,28.1,39.15,66.4,96.5,66.4,50.0,69.8,40.9,77.5,59.2,5.4,97.6,76.8,59.9,B
20120808,VOE,,,,,,,,,56.4,64.6,74.2,68.0,69.2,50.0,79.8,24.7,50.1,59.65,57.0,53.0,57.0,4.2,42.8,40.6,75.0,57.8,77.0,77.0,97.6,83.8,B
20120808,PUW,,,,,,,,,56.4,35.3,33.0,26.8,30.4,50.0,20.0,65.8,46.5,38.45,67.7,55.1,67.7,52.8,60.8,77.2,67.2,72.2,30.5,29.4,90.0,50.0,B
20120808,IDV,,,,,,,,,56.4,40.8,28.3,30.1,31.7,0.0,84.8,62.7,47.4,39.55,56.4,66.7,67.2,97.5,71.9,38.9,61.3,50.1,82.4,56.4,98.4,79.1,B
20120808,SOIL,,,,,,,,,56.3,38.0,24.9,40.4,35.3,50.0,67.6,52.4,56.1,45.7,96.7,68.3,68.3,100.0,83.3,43.7,61.5,52.6,48.8,6.8,0.0,18.5,B
20120808,GGEM,,,,,,,,,56.3,47.7,59.4,73.8,64.3,50.0,20.7,50.8,41.5,52.9,32.1,39.3,67.8,100.0,59.8,58.1,72.4,65.2,19.0,14.4,54.0,29.1,B
20120808,FEP,,,,,,,,,56.3,75.0,78.3,65.6,71.3,50.0,38.2,93.6,61.7,66.5,36.5,96.2,96.2,100.0,82.2,31.5,34.6,33.1,8.4,43.6,0.0,17.4,B
20120808,XLY,,,,,,,,,56.2,47.2,67.7,71.8,65.7,95.6,98.7,45.5,79.0,72.35,66.2,48.8,3.6,62.0,45.2,5.0,82.2,43.6,98.3,41.4,98.0,79.2,B
20120808,KROO,,,,,,,,,56.2,56.5,41.5,21.5,34.5,50.0,37.7,51.3,46.7,40.6,47.2,69.5,97.2,100.0,78.5,45.7,60.4,53.1,26.2,57.4,54.0,45.9,B
20120808,VSS,,,,,,,,,56.2,62.6,71.0,59.4,63.5,50.0,68.2,48.9,55.1,59.3,64.3,64.3,60.7,100.0,72.3,24.6,26.7,25.7,74.1,99.2,97.6,90.3,B
20120808,MGC,,,,,,,,,56.2,41.8,43.7,39.8,41.4,50.0,75.1,27.2,49.6,45.5,60.0,65.0,52.5,44.5,55.5,45.4,72.4,58.9,71.4,78.8,97.6,82.6,B
20120808,EWM,,,,,,,,,56.2,57.0,70.2,67.3,66.1,50.0,94.4,18.3,52.2,59.15,58.8,53.9,55.1,30.6,49.6,30.2,79.7,55.0,89.6,24.9,98.4,71.0,B
20120808,XBI,,,,,,,,,56.1,37.6,53.6,54.7,51.0,75.8,94.1,73.5,80.5,65.75,44.0,42.5,54.8,33.4,43.7,25.0,82.7,53.8,90.0,27.0,98.0,71.7,B
20120808,CNTR,,,,,,,,,56.1,79.3,59.4,97.3,82.3,50.0,5.8,1.6,19.8,51.05,65.0,68.3,68.3,50.0,62.9,43.5,75.5,59.5,6.4,68.1,46.4,40.3,B
20120808,DEF,,,,,,,,,56.0,46.7,68.7,77.1,68.5,50.0,61.8,17.2,42.1,55.3,43.0,61.0,53.7,41.6,49.9,58.4,61.0,59.7,62.4,55.7,76.8,65.0,B
20120808,VEA,,,,,,,,,55.9,48.3,27.7,29.5,32.7,50.0,94.5,62.6,67.7,50.2,61.0,97.8,70.0,40.0,67.2,28.2,46.1,37.2,94.8,93.6,97.6,95.4,B
20120808,CVY,,,,,,,,,55.9,37.6,43.9,38.2,39.8,50.0,82.6,24.3,50.8,45.3,62.1,95.2,66.2,33.7,64.3,48.2,57.3,52.7,75.1,64.6,76.8,72.2,B
20120808,DFE,,,,,,,,,55.7,35.6,33.2,23.6,28.9,50.0,53.8,71.4,58.6,43.75,68.2,68.8,98.7,65.6,75.3,43.3,45.8,44.5,34.1,79.7,85.6,66.5,B
20120808,PYH,,,,,,,,,55.7,58.4,46.0,40.3,45.7,50.0,8.7,25.1,28.9,37.3,66.8,65.3,65.3,96.7,73.5,42.8,77.2,60.0,18.0,25.8,90.0,44.6,B
20120808,VXUS,,,,,,,,,55.7,40.6,42.2,31.7,36.6,50.0,79.6,57.2,61.4,49,57.0,51.1,70.0,100.0,69.5,28.8,43.5,36.1,80.3,99.9,97.6,92.6,B
20120808,AFK,,,,,,,,,55.6,44.4,42.8,29.5,36.5,50.0,55.6,27.8,43.9,40.2,67.7,95.2,97.0,100.0,90.0,39.3,31.3,35.3,61.1,28.3,90.4,60.0,B
20120808,PXR,,,,,,,,,55.6,58.3,69.7,56.3,60.7,50.0,54.1,58.0,54.0,57.35,59.1,97.8,96.6,55.0,77.1,28.1,32.6,30.4,52.8,42.1,90.0,61.6,B
20120808,FMM,,,,,,,,,55.6,26.4,33.0,36.8,33.6,50.0,25.2,35.0,37.3,35.45,66.7,66.7,66.7,62.5,65.6,45.2,80.0,62.6,62.1,88.8,43.2,64.7,B
20120808,VWO,,,,,,,,,55.5,64.3,73.7,60.6,65.3,27.8,98.0,54.7,58.3,61.8,57.0,65.7,70.0,46.5,59.8,26.7,35.4,31.1,99.3,93.8,97.6,96.9,B
20120808,PIO,,,,,,,,,55.5,22.7,31.3,26.2,27.0,50.0,45.2,70.0,55.6,41.3,61.6,95.8,69.2,95.8,80.6,46.5,42.4,44.5,56.7,19.9,90.0,55.5,B
20120808,COPX,,,,,,,,,55.4,52.5,37.7,20.7,32.2,50.0,70.9,75.4,65.2,48.7,66.0,96.5,98.2,50.0,77.7,43.9,59.6,51.8,40.8,17.6,0.0,19.5,B
20120808,SGGG,,,,,,,,,55.3,62.3,60.5,79.8,70.5,50.0,12.9,79.2,49.1,59.8,0.0,62.5,68.8,50.0,45.3,45.6,82.2,63.9,18.9,73.1,46.4,46.1,B
20120808,CU,,,,,,,,,55.3,73.1,70.6,54.0,62.8,50.0,41.1,73.9,55.7,59.25,66.0,96.5,98.2,66.2,81.7,31.5,34.6,33.1,48.4,43.6,0.0,30.7,B
20120808,TGEM,,,,,,,,,55.3,47.2,72.4,79.3,70.8,50.0,41.1,83.9,59.2,65,35.7,64.3,96.5,50.0,61.6,35.5,62.1,48.8,12.9,12.5,54.0,26.5,B
20120808,JPP,,,,,,,,,55.1,42.0,35.4,25.9,32.0,50.0,3.6,70.5,43.3,37.65,68.5,95.6,66.9,47.2,69.5,40.2,69.6,54.9,14.5,82.6,98.0,65.0,B
20120808,THD,,,,,,,,,55.1,78.4,68.1,67.1,69.7,50.0,85.8,20.7,50.5,60.1,0.0,62.5,37.5,56.2,39.1,41.3,76.9,59.1,87.9,42.5,98.4,76.3,B
20120808,FGEM,,,,,,,,,55.1,58.4,48.8,25.0,38.8,50.0,67.7,85.3,67.6,53.2,66.5,50.0,97.2,100.0,78.4,13.5,71.4,42.5,16.9,14.7,54.0,28.5,B
20120808,PXH,,,,,,,,,55.0,54.0,45.1,25.7,37.2,50.0,51.9,49.5,50.4,43.8,56.8,98.1,96.2,62.5,78.4,25.3,44.4,34.8,69.0,79.5,90.0,79.5,B
20120808,HAO,,,,,,,,,55.0,33.2,26.5,20.4,24.8,0.0,78.6,60.9,44.9,34.85,63.9,98.1,98.1,100.0,90.0,46.2,22.8,34.5,66.9,72.4,76.8,72.0,B
20120808,FBM,,,,,,,,,55.0,21.0,30.5,15.4,21.0,50.0,23.4,72.4,49.9,35.45,54.1,95.8,62.5,55.0,66.9,48.3,82.5,65.4,44.8,52.4,43.2,46.8,C
20120808,AND,,,,,,,,,55.0,39.3,54.3,58.6,53.5,50.0,48.5,32.3,43.4,48.45,97.0,68.8,69.1,50.0,71.2,44.3,70.9,57.6,30.6,23.4,0.0,18.0,C
20120808,RXI,,,,,,,,,54.9,50.1,71.4,67.6,65.2,50.0,63.0,55.6,55.9,60.55,61.5,56.5,52.1,52.2,55.6,5.8,76.2,41.0,68.1,67.0,98.4,77.8,C
20120808,RWV,,,,,,,,,54.9,63.4,81.2,69.4,71.8,50.0,55.8,48.4,51.2,61.5,58.7,57.5,59.9,53.5,57.4,33.8,65.9,49.8,20.4,54.5,52.4,42.4,C
20120808,INXX,,,,,,,,,54.8,31.3,30.2,22.4,26.5,50.0,35.5,78.2,55.5,41,67.8,95.2,95.2,100.0,89.6,40.9,41.2,41.1,31.3,14.5,54.0,33.3,C
20120808,PEZ,,,,,,,,,54.8,65.8,71.1,69.9,69.4,50.0,68.8,57.8,58.4,63.9,45.6,98.5,39.0,46.5,57.4,5.0,81.4,43.2,41.4,32.0,90.0,54.5,C
20120808,CQQQ,,,,,,,,,54.8,31.3,25.9,19.3,23.7,50.0,48.9,78.6,59.7,41.7,65.9,97.0,97.0,100.0,90.0,51.7,21.4,36.5,33.5,19.5,76.8,43.3,C
20120808,SCHF,,,,,,,,,54.6,63.4,59.0,62.0,61.4,50.0,76.8,59.3,61.3,61.35,95.5,98.5,97.0,100.0,97.7,0.0,0.0,0.0,74.9,50.0,81.2,68.7,C
20120808,AXIT,,,,,,,,,54.3,59.8,49.5,19.2,36.5,50.0,11.9,56.1,40.7,38.6,61.0,59.0,63.0,62.5,61.4,54.0,76.2,65.1,3.1,41.1,98.4,47.5,C
20120808,PAF,,,,,,,,,54.2,73.2,64.5,67.0,67.5,50.0,35.1,44.0,43.4,55.45,55.9,98.8,70.0,57.5,70.5,27.0,38.1,32.6,40.5,68.9,90.0,66.5,C
20120808,BBH,,,,,,,,,54.1,49.7,67.1,61.6,60.9,50.0,71.8,50.4,56.7,58.8,0.0,50.0,50.0,100.0,50.0,25.0,82.7,53.8,61.4,8.4,90.4,53.4,C
20120808,ECNS,,,,,,,,,54.1,22.3,23.8,19.5,21.4,50.0,26.1,79.7,53.2,37.3,64.2,95.7,95.7,100.0,88.9,38.9,24.5,31.7,23.8,80.7,98.4,67.6,C
20120808,KRE,,,,,,,,,54.1,41.0,29.8,33.6,33.9,88.1,98.4,45.9,76.4,55.15,65.5,41.6,56.1,44.5,52.0,15.0,80.0,47.5,93.5,39.1,98.0,76.9,C
20120808,DES,,,,,,,,,54.1,33.2,28.0,32.5,31.3,50.0,73.4,32.0,50.7,41,64.2,59.0,55.4,50.0,57.1,31.0,78.9,55.0,67.9,90.2,85.6,81.2,C
20120808,EDIV,,,,,,,,,54.0,32.7,27.9,23.2,26.5,50.0,75.6,56.1,59.8,43.15,51.5,64.3,69.1,100.0,71.2,36.2,44.1,40.1,75.2,55.4,98.0,76.2,C
20120808,AXHE,,,,,,,,,53.9,44.0,61.5,69.8,62.1,50.0,26.8,88.9,56.7,59.4,96.0,0.0,63.0,62.5,55.4,29.5,67.5,48.5,13.4,36.1,98.4,49.3,C
20120808,IYZ,,,,,,,,,53.9,34.7,30.6,43.1,37.7,0.0,87.3,64.8,48.9,43.3,35.0,65.2,65.7,62.2,57.0,32.8,82.7,57.8,84.0,10.8,98.4,64.4,C
20120808,VNQI,,,,,,,,,53.8,48.9,62.7,58.9,58.0,50.0,79.2,38.5,54.7,56.35,50.0,50.0,50.0,100.0,62.5,12.6,53.2,32.9,66.7,84.9,97.6,83.1,C
20120808,IRV,,,,,,,,,53.8,53.5,43.8,22.7,35.2,50.0,64.7,59.8,57.8,46.5,57.6,66.8,98.0,40.6,65.8,36.1,56.8,46.5,28.6,60.0,98.0,62.2,C
20120808,AMLP,,,,,,,,,53.8,36.2,55.1,61.3,54.4,50.0,94.3,31.8,56.9,55.65,38.6,95.5,55.0,46.5,58.9,90.1,0.0,45.0,90.6,7.9,79.6,59.4,C
20120808,IPK,,,,,,,,,53.8,29.2,36.1,25.3,29.3,50.0,46.6,72.0,56.7,43,60.7,50.5,68.9,66.7,61.7,47.5,64.4,55.9,13.9,56.7,98.0,56.2,C
20120808,LATM,,,,,,,,,53.8,56.4,43.8,21.9,35.4,50.0,18.3,47.6,39.6,37.5,65.9,95.2,95.5,100.0,89.2,39.4,27.3,33.3,17.4,65.4,90.4,57.7,C
20120808,HVOL,,,,,,,,,53.8,63.1,47.8,28.7,41.3,50.0,1.0,87.5,48.4,44.85,48.4,68.3,61.6,50.0,57.1,48.8,77.9,63.4,15.6,62.7,46.4,41.6,C
20120808,RCD,,,,,,,,,53.7,48.5,64.6,67.6,62.9,50.0,60.9,67.7,59.5,61.2,67.0,46.8,42.4,62.0,54.5,5.0,82.5,43.7,59.7,40.6,76.8,59.0,C
20120808,FCL,,,,,,,,,53.6,46.8,65.7,67.1,62.6,50.0,18.8,56.8,43.0,52.8,45.9,62.5,50.0,95.5,63.5,8.7,81.9,45.3,37.3,74.1,43.2,51.5,C
20120808,EIS,,,,,,,,,53.5,28.9,29.8,19.6,24.5,50.0,51.1,61.9,54.5,39.5,63.7,63.0,97.2,43.8,66.9,33.2,68.5,50.8,55.2,37.0,98.4,63.5,C
20120808,PKB,,,,,,,,,53.5,47.5,40.5,21.9,32.6,50.0,51.0,61.0,54.1,43.35,46.5,60.5,55.4,50.0,53.1,52.2,82.7,67.5,26.9,13.6,90.0,43.5,C
20120808,LVL,,,,,,,,,53.4,37.9,31.0,21.3,27.5,50.0,43.9,58.9,51.3,39.4,56.9,58.7,99.2,56.0,67.7,41.3,61.1,51.2,45.3,55.7,76.8,59.3,C
20120808,FXG,,,,,,,,,53.4,73.1,72.8,63.7,68.3,50.0,61.1,68.3,59.7,64,95.2,96.0,96.8,50.0,84.5,11.9,19.9,15.9,79.0,43.6,0.0,40.9,C
20120808,ABCS,,,,,,,,,53.4,30.5,33.1,29.5,30.8,50.0,35.6,70.6,52.9,41.85,3.5,67.8,67.8,100.0,59.8,55.3,69.0,62.2,36.7,13.0,76.8,42.2,C
20120808,XLBT,,,,,,,,,53.3,59.9,48.8,47.7,50.5,50.0,0.9,12.3,22.1,36.3,58.4,52.8,69.5,100.0,70.2,40.1,72.3,56.2,11.0,79.1,46.4,45.5,C
20120808,CSD,,,,,,,,,53.3,50.8,64.9,72.5,65.9,50.0,65.5,55.6,56.6,61.25,48.3,37.7,51.2,45.0,45.6,40.3,72.5,56.4,46.8,7.6,76.8,43.7,C
20120808,PEY,,,,,,,,,53.2,30.8,31.0,35.8,33.4,50.0,77.2,18.4,47.1,40.25,54.5,51.6,48.5,44.8,49.9,50.5,82.9,66.7,66.5,27.7,90.0,61.4,C
20120808,DNL,,,,,,,,,53.1,28.6,35.6,26.3,29.6,50.0,30.5,53.9,45.5,37.55,68.2,95.2,47.6,62.5,68.4,43.9,54.7,49.3,40.1,71.8,85.6,65.8,C
20120808,PTH,,,,,,,,,53.1,58.2,58.2,68.4,63.3,50.0,36.7,30.5,39.2,51.25,50.0,67.7,69.1,41.6,57.1,24.4,80.5,52.5,22.8,32.6,90.0,48.5,C
20120808,SDIV,,,,,,,,,53.0,24.1,34.1,39.8,35.0,50.0,70.5,33.6,50.4,42.7,39.3,96.2,96.5,60.7,73.2,29.6,65.5,47.6,64.0,56.5,0.0,40.2,C
20120808,PID,,,,,,,,,52.9,66.4,59.2,63.8,62.9,50.0,77.0,41.1,55.0,58.95,57.9,66.5,65.2,96.3,71.5,21.7,26.8,24.3,70.0,35.4,90.0,65.2,C
20120808,DBU,,,,,,,,,52.9,34.7,28.9,21.9,26.5,50.0,44.4,64.1,53.3,39.9,50.7,60.7,98.5,63.2,68.3,43.3,54.1,48.7,35.0,53.2,85.6,57.9,C
20120808,ADRU,,,,,,,,,52.8,46.7,29.2,30.2,33.2,50.0,21.3,68.7,47.9,40.55,63.8,99.2,98.5,67.1,82.2,49.7,23.8,36.8,18.7,41.2,90.0,50.0,C
20120808,PIC,,,,,,,,,52.8,64.6,74.5,67.7,69.1,50.0,19.7,68.4,47.4,58.25,62.4,41.6,98.8,55.8,64.6,14.6,66.0,40.3,11.8,12.7,90.0,38.2,C
20120808,SCHB,,,,,,,,,52.7,65.7,76.2,71.6,71.8,50.0,80.1,28.1,51.4,61.6,95.5,98.5,97.0,70.0,90.2,0.0,0.0,0.0,82.9,50.0,81.2,71.4,C
20120808,AXFN,,,,,,,,,52.6,59.5,49.9,27.8,40.8,50.0,18.0,89.2,54.1,47.45,61.6,0.0,96.7,100.0,64.6,15.7,71.6,43.6,2.5,77.4,98.4,59.4,C
20120808,PGJ,,,,,,,,,52.6,56.6,59.7,51.8,55.1,0.0,74.8,84.1,51.9,53.5,67.8,99.3,99.3,100.0,91.6,9.6,10.0,9.8,54.2,40.2,90.0,61.5,C
20120808,VCR,,,,,,,,,52.6,56.9,70.4,71.0,68.0,50.0,74.3,46.7,56.1,62.05,58.4,52.8,1.4,68.8,45.3,5.0,73.1,39.1,79.5,81.8,97.6,86.3,C
20120808,JSC,,,,,,,,,52.5,23.6,26.7,23.9,24.7,50.0,31.2,51.9,45.0,34.85,67.8,99.2,96.3,55.0,79.6,47.9,22.4,35.1,49.9,82.5,98.0,76.8,C
20120808,COLX,,,,,,,,,52.4,21.1,20.6,33.2,27.0,50.0,42.4,88.4,61.1,44.05,96.9,68.3,68.8,50.0,71.0,41.4,53.2,47.3,10.8,9.4,90.4,36.9,C
20120808,SCHG,,,,,,,,,52.3,69.1,75.2,70.6,71.7,50.0,76.4,36.4,53.2,62.45,96.9,96.9,96.9,66.7,89.3,0.0,0.0,0.0,73.3,50.0,81.2,68.2,C
20120808,PZI,,,,,,,,,52.3,24.8,29.5,30.2,28.9,50.0,48.5,53.5,50.8,39.85,52.2,69.4,57.5,55.5,58.7,37.9,70.2,54.0,23.0,83.1,90.0,65.4,C
20120808,PSCM,,,,,,,,,52.3,61.1,47.0,23.0,37.8,50.0,27.9,84.8,55.6,46.7,60.2,32.4,49.0,50.0,47.9,47.6,82.9,65.2,18.7,20.7,90.0,43.1,C
20120808,IEZ,,,,,,,,,52.1,38.9,46.5,28.6,36.1,66.5,77.2,78.6,73.9,55,0.0,0.0,0.0,68.8,17.2,94.3,62.9,78.6,83.1,25.9,98.4,69.1,C
20120808,QTEC,,,,,,,,,52.1,76.6,80.0,64.2,71.4,50.0,66.0,60.1,58.3,64.85,69.7,96.7,96.0,62.5,81.2,11.9,19.9,15.9,61.2,43.6,0.0,35.0,C
20120808,PIN,,,,,,,,,52.0,27.8,30.6,22.9,26.2,0.0,91.8,65.0,50.3,38.25,58.6,97.8,99.0,60.0,78.9,32.7,34.3,33.5,86.0,29.3,90.0,68.4,C
20120808,FRL,,,,,,,,,52.0,38.3,56.5,75.8,62.5,50.0,50.9,43.0,47.8,55.15,50.0,50.0,54.1,62.5,54.2,15.3,82.5,48.9,35.6,58.2,43.2,45.7,C
20120808,PSTL,,,,,,,,,52.0,57.2,42.7,18.1,33.3,50.0,14.6,89.5,53.2,43.25,52.8,95.5,98.9,62.5,77.4,26.8,49.0,37.9,4.8,37.1,90.0,44.0,C
20120808,EUFN,,,,,,,,,51.9,38.4,36.6,24.7,31.0,50.0,79.7,88.6,72.4,51.7,63.4,0.0,96.7,100.0,65.0,15.3,51.7,33.5,50.8,57.1,98.4,68.8,C
20120808,SKOR,,,,,,,,,51.9,35.8,30.1,20.5,26.4,50.0,22.9,80.2,52.4,39.4,96.5,97.0,97.0,100.0,97.6,24.8,19.1,21.9,16.4,56.9,54.0,42.4,C
20120808,PKN,,,,,,,,,51.9,53.4,36.2,23.4,33.3,50.0,25.1,53.2,43.6,38.45,66.0,63.0,63.0,65.0,64.2,50.9,60.0,55.5,9.4,33.4,90.0,44.3,C
20120808,IYR,,,,,,,,,51.9,37.1,57.6,72.1,60.8,80.6,98.6,19.1,64.5,62.65,40.8,3.0,55.6,37.2,34.2,16.3,82.8,49.5,98.7,42.4,98.4,79.8,C
20120808,PFI,,,,,,,,,51.8,52.0,43.2,35.9,41.3,50.0,26.7,27.7,35.2,38.25,96.3,41.6,98.5,57.5,73.5,15.5,74.2,44.9,21.3,33.0,90.0,48.1,C
20120808,SCHX,,,,,,,,,51.8,66.5,77.2,72.4,72.7,50.0,67.5,28.8,47.8,60.25,95.5,98.5,95.5,65.0,88.6,0.0,0.0,0.0,82.2,50.0,81.2,71.1,C
20120808,GLDX,,,,,,,,,51.8,31.0,28.1,18.2,23.8,50.0,50.0,83.5,61.7,42.75,50.0,50.0,97.6,100.0,74.4,39.5,58.6,49.0,51.7,5.5,0.0,19.1,C
20120808,IST,,,,,,,,,51.7,25.5,19.2,28.3,25.0,50.0,66.8,74.4,63.6,44.3,65.8,62.5,65.8,100.0,73.5,28.7,44.0,36.3,37.4,28.2,98.0,54.6,C
20120808,BRXX,,,,,,,,,51.7,52.5,72.8,60.0,62.3,50.0,62.6,68.2,60.2,61.25,36.6,66.7,41.6,100.0,61.2,39.9,32.4,36.1,54.5,14.8,54.0,41.1,C
20120808,KBE,,,,,,,,,51.6,45.0,33.6,29.4,33.8,51.5,97.0,47.2,63.6,48.7,63.6,41.6,57.1,45.4,51.9,15.0,80.7,47.8,92.9,21.5,98.0,70.8,C
20120808,REM,,,,,,,,,51.5,18.2,22.0,35.5,28.0,50.0,82.1,24.6,50.7,39.35,64.7,62.5,59.5,61.4,62.0,14.8,82.8,48.8,84.4,11.7,98.4,64.8,C
20120808,RWW,,,,,,,,,51.4,69.5,74.7,65.1,68.9,50.0,25.1,49.7,42.4,55.65,60.2,41.6,68.2,45.0,53.8,15.3,82.7,49.0,24.4,40.5,52.4,39.1,C
20120808,EMFN,,,,,,,,,51.3,35.4,61.9,60.0,55.6,50.0,13.0,92.5,53.8,54.7,60.0,0.0,98.3,65.0,55.8,14.3,71.8,43.0,5.7,53.4,98.4,52.5,C
20120808,IFAS,,,,,,,,,51.3,19.2,25.8,40.1,31.6,50.0,59.8,53.9,54.3,42.95,30.2,50.0,98.2,61.1,59.9,16.6,80.5,48.5,38.9,38.3,98.4,58.6,C
20120808,EZY,,,,,,,,,51.2,42.0,44.0,39.9,41.6,50.0,24.3,25.5,33.7,37.65,50.8,60.4,34.1,68.2,53.4,44.7,72.2,58.5,24.3,80.4,85.6,63.4,C
20120808,WREI,,,,,,,,,51.1,36.3,56.0,71.9,60.0,50.0,67.4,35.4,50.1,55.05,40.5,50.0,54.3,41.6,46.6,15.0,82.7,48.8,46.1,54.4,76.8,59.1,C
20120808,FAN,,,,,,,,,51.1,34.4,28.9,17.5,24.3,50.0,50.3,80.6,60.8,42.55,98.0,97.8,99.0,55.0,87.4,31.5,34.6,33.1,20.7,43.6,0.0,21.5,C
20120808,CHIM,,,,,,,,,51.1,27.5,23.6,19.5,22.3,50.0,34.2,91.4,59.8,41.05,96.8,96.8,96.8,100.0,97.6,38.3,19.6,28.9,10.6,13.0,0.0,7.9,C
20120808,SMH,,,,,,,,,51.0,55.6,46.1,31.7,40.8,56.8,95.8,61.7,70.3,55.55,0.0,50.0,0.0,58.6,27.2,55.1,76.7,65.9,94.1,8.3,90.4,64.3,C
20120808,KBWR,,,,,,,,,50.9,54.4,60.7,78.7,68.5,50.0,88.4,48.7,61.0,64.75,63.9,0.0,41.6,41.6,36.8,15.0,82.8,48.9,55.7,27.8,90.0,57.8,C
20120808,GRID,,,,,,,,,50.9,35.6,47.0,32.4,37.4,50.0,7.5,73.2,45.4,41.4,95.3,96.9,95.3,66.7,88.5,31.5,34.6,33.1,16.2,43.6,0.0,20.0,C
20120808,PSCF,,,,,,,,,50.9,54.0,62.7,75.1,67.2,50.0,68.0,28.5,47.9,57.55,65.8,0.0,43.5,58.4,41.9,15.0,82.8,48.9,45.7,56.6,90.0,64.1,C
20120808,SKYY,,,,,,,,,50.7,64.8,66.6,68.8,67.3,50.0,65.6,79.3,65.0,66.15,35.0,45.0,55.0,100.0,58.8,31.5,34.6,33.1,56.9,43.6,0.0,33.5,C
20120808,FXL,,,,,,,,,50.7,73.3,77.7,62.3,69.1,50.0,79.4,66.8,64.7,66.9,61.3,66.2,64.5,100.0,73.0,11.9,19.9,15.9,75.5,43.6,0.0,39.7,C
20120808,FIW,,,,,,,,,50.7,50.7,72.4,69.3,66.5,50.0,43.1,68.9,54.5,60.5,67.8,99.2,62.9,100.0,82.5,11.9,19.9,15.9,46.3,43.6,0.0,30.0,C
20120808,GGGG,,,,,,,,,50.7,46.8,28.0,21.5,28.5,50.0,47.1,88.4,62.6,45.55,69.1,69.1,97.0,50.0,71.3,39.5,58.6,49.0,21.1,5.5,0.0,8.9,C
20120808,IFGL,,,,,,,,,50.6,38.5,31.6,40.4,37.4,50.0,84.1,29.2,53.0,45.2,30.2,41.6,68.0,63.9,51.0,15.8,72.8,44.3,86.6,68.6,98.4,84.5,C
20120808,IPU,,,,,,,,,50.6,29.9,28.9,21.4,25.3,50.0,50.5,71.1,57.5,41.4,43.4,44.4,97.0,68.8,63.4,36.5,55.4,45.9,28.0,34.8,98.0,53.6,C
20120808,EMER,,,,,,,,,50.5,26.8,32.3,36.6,33.4,50.0,15.8,93.4,54.9,44.15,55.8,96.2,67.3,100.0,79.8,31.9,28.0,30.0,5.7,69.4,54.0,43.0,C
20120808,RTH,,,,,,,,,50.3,69.1,76.8,77.2,75.5,50.0,93.2,23.5,53.7,64.6,0.0,0.0,0.0,100.0,25.0,34.5,82.8,58.6,76.2,8.9,90.4,58.5,C
20120808,EPHE,,,,,,,,,50.3,46.4,62.5,58.8,57.4,50.0,79.0,32.8,52.7,55.05,35.9,0.0,68.5,100.0,51.1,22.5,56.2,39.3,78.7,22.5,98.4,66.5,C
20120808,VFH,,,,,,,,,50.3,47.3,35.0,33.0,36.5,50.0,71.5,31.9,50.1,43.3,58.4,37.5,66.7,57.2,54.9,14.2,66.8,40.5,75.0,87.1,97.6,86.6,C
20120808,RSXJ,,,,,,,,,50.3,42.5,39.6,24.0,32.4,50.0,71.0,61.1,60.2,46.3,67.8,39.3,96.5,100.0,75.9,46.1,14.6,30.3,28.9,15.9,90.4,45.1,C
20120808,TAN,,,,,,,,,50.2,52.5,27.0,16.9,27.0,45.8,88.9,87.5,73.3,50.15,0.0,0.0,50.0,100.0,37.5,62.7,64.7,63.7,60.4,6.5,76.8,47.9,C
20120808,KBWB,,,,,,,,,50.1,53.5,65.3,78.5,69.6,50.0,74.9,72.7,65.4,67.5,41.6,0.0,41.6,41.6,31.2,15.0,82.9,48.9,77.8,6.7,90.0,58.1,C
20120808,AXDI,,,,,,,,,50.0,88.6,67.4,55.0,65.5,50.0,0.7,17.3,23.8,44.65,65.0,33.0,63.0,100.0,65.2,8.7,67.8,38.2,2.8,67.2,98.4,56.1,C
20120808,REMX,,,,,,,,,49.9,32.5,22.9,17.9,22.3,0.0,84.0,57.4,45.3,33.8,44.2,69.5,69.8,100.0,70.9,41.7,45.4,43.5,63.0,10.6,90.4,54.7,C
20120808,BICK,,,,,,,,,49.9,54.6,44.4,22.7,35.6,50.0,40.0,65.6,52.5,44.05,62.0,98.2,96.3,65.0,80.4,31.5,34.6,33.1,35.2,43.6,0.0,26.3,C
20120808,ALUM,,,,,,,,,49.8,38.8,30.9,21.0,27.5,50.0,10.3,77.1,47.6,37.55,48.7,97.3,69.8,100.0,79.0,43.6,51.5,47.5,12.8,6.0,0.0,6.3,C
20120808,XHB,,,,,,,,,49.8,57.0,38.0,41.1,43.4,70.9,97.7,67.4,77.7,60.55,43.1,3.1,0.7,69.2,29.0,23.2,82.0,52.6,96.8,20.2,98.0,71.7,C
20120808,EIRL,,,,,,,,,49.8,51.2,35.7,29.2,35.5,50.0,38.3,62.3,50.8,43.15,69.5,0.0,52.8,55.0,44.3,46.0,80.7,63.3,32.5,5.2,98.4,45.4,C
20120808,FRN,,,,,,,,,49.8,27.9,21.4,20.8,22.4,50.0,79.7,15.4,46.8,34.6,30.1,69.1,41.6,100.0,60.2,51.6,54.9,53.3,62.2,20.8,76.8,53.3,C
20120808,KCE,,,,,,,,,49.7,24.4,27.8,25.8,26.1,50.0,91.1,76.9,71.7,48.9,68.2,0.0,69.5,69.5,51.8,15.0,77.8,46.4,43.9,26.5,98.0,56.1,C
20120808,SCHV,,,,,,,,,49.7,62.3,77.6,73.1,72.3,50.0,73.9,22.9,47.7,60,68.8,98.5,95.3,70.0,83.1,0.0,0.0,0.0,71.7,50.0,81.2,67.6,C
20120808,PLTM,,,,,,,,,49.7,32.8,24.6,17.1,22.5,50.0,18.1,69.3,47.2,34.85,64.5,98.2,98.2,100.0,90.2,31.5,34.6,33.1,23.6,43.6,0.0,22.4,C
20120808,EWEM,,,,,,,,,49.6,51.3,40.2,26.1,35.3,50.0,12.7,61.7,42.9,39.1,57.4,69.1,97.0,55.0,69.6,35.1,35.3,35.2,29.9,87.3,76.8,64.7,C
20120808,TAO,,,,,,,,,49.4,30.7,36.8,38.2,36.3,50.0,75.9,56.5,60.0,48.15,42.2,50.0,99.1,50.0,60.3,22.9,58.7,40.8,37.2,25.4,76.8,46.5,C
20120808,KIE,,,,,,,,,49.3,50.4,34.7,32.2,36.6,50.0,92.6,28.0,55.1,45.85,67.6,0.0,96.9,58.4,55.7,15.0,67.7,41.3,72.1,23.6,98.0,64.6,C
20120808,EGPT,,,,,,,,,49.3,53.9,40.8,14.8,30.4,50.0,67.1,60.6,58.8,44.6,62.0,50.0,68.5,100.0,70.1,40.0,26.6,33.3,48.2,8.5,90.4,49.1,C
20120808,CUT,,,,,,,,,49.3,38.0,37.4,25.6,31.6,50.0,78.5,45.0,56.8,44.2,53.5,34.0,58.0,55.0,50.1,33.5,74.4,54.0,56.2,11.9,76.8,48.3,C
20120808,IRY,,,,,,,,,49.3,49.8,60.4,75.0,65.6,50.0,51.1,50.0,50.3,57.95,68.9,3.0,59.7,62.5,48.5,31.5,43.8,37.6,45.3,38.1,98.0,60.5,C
20120808,SHVY,,,,,,,,,49.3,0.3,16.9,23.0,16.6,50.0,6.8,38.1,32.9,24.75,58.4,68.3,61.6,50.0,59.6,49.0,78.8,63.9,17.0,80.3,46.4,47.9,C
20120808,PDN,,,,,,,,,49.3,37.5,34.4,24.8,30.3,50.0,51.0,46.5,49.1,39.7,67.1,66.0,67.1,60.3,65.1,32.9,35.8,34.4,37.8,97.5,90.0,75.1,C
20120808,WPS,,,,,,,,,49.2,34.7,31.5,40.5,36.7,50.0,41.4,39.0,43.6,40.15,31.9,41.6,66.2,70.0,52.4,15.8,74.8,45.3,58.9,78.0,98.4,78.4,C
20120808,PXN,,,,,,,,,49.2,26.9,23.3,21.5,23.1,50.0,62.6,69.5,60.6,41.85,47.4,62.1,58.5,100.0,67.0,33.3,50.5,41.9,22.0,6.8,90.0,39.6,C
20120808,DHS,,,,,,,,,49.1,17.6,35.0,43.9,36.0,50.0,70.5,22.0,46.3,41.15,44.6,52.0,41.9,2.0,35.1,45.4,75.2,60.3,76.4,81.9,85.6,81.3,C
20120808,VNM,,,,,,,,,49.1,36.3,24.9,24.0,26.7,50.0,74.8,58.2,60.3,43.5,47.5,62.5,95.2,58.4,65.9,51.0,17.1,34.0,71.9,18.5,90.4,60.3,C
20120808,VGEM,,,,,,,,,49.1,49.6,28.7,39.6,38.3,50.0,16.5,17.2,28.5,33.4,39.3,64.3,96.5,100.0,75.0,28.6,63.1,45.9,16.8,12.4,54.0,27.7,C
20120808,AXUT,,,,,,,,,49.0,24.4,26.4,21.6,23.6,50.0,31.9,72.3,52.4,38,51.0,2.0,98.0,62.5,53.4,44.1,64.0,54.1,23.3,39.4,98.4,53.7,C
20120808,FFL,,,,,,,,,48.8,29.1,29.7,36.3,32.9,50.0,30.2,49.0,43.7,38.3,58.4,50.0,62.5,65.0,59.0,18.0,80.5,49.3,31.8,71.0,43.2,48.7,C
20120808,IGEM,,,,,,,,,48.7,10.4,17.5,45.1,29.9,50.0,67.8,16.0,43.5,36.7,60.7,64.3,60.7,50.0,58.9,56.5,57.8,57.1,18.1,15.4,54.0,29.2,C
20120808,SCHA,,,,,,,,,48.7,57.5,65.8,65.7,64.1,50.0,76.5,42.5,55.3,59.7,95.5,95.5,59.9,65.9,79.2,0.0,0.0,0.0,80.4,50.0,81.2,70.5,C
20120808,FWDD,,,,,,,,,48.6,78.4,80.8,77.1,78.5,50.0,26.6,48.0,42.3,60.4,67.8,96.5,64.3,100.0,82.1,0.0,0.0,0.0,34.1,90.7,51.2,58.7,C
20120808,IAK,,,,,,,,,48.6,55.5,42.2,32.0,39.8,50.0,67.1,33.1,49.2,44.5,61.6,0.0,98.7,39.6,50.0,15.0,79.0,47.0,52.1,34.0,98.4,61.5,C
20120808,SEA,,,,,,,,,48.5,63.4,64.8,55.3,59.8,50.0,55.8,63.4,56.4,58.1,0.0,1.9,53.9,67.8,30.9,83.4,33.2,58.3,46.0,7.6,76.8,43.5,C
20120808,UGEM,,,,,,,,,48.3,19.7,23.5,39.3,30.7,50.0,54.3,12.0,38.0,34.35,60.7,32.1,35.7,100.0,57.1,52.5,67.5,60.0,18.5,14.8,54.0,29.1,C
20120808,CHIQ,,,,,,,,,48.3,27.7,25.3,19.1,22.7,50.0,62.1,63.2,58.3,40.5,64.0,96.9,98.5,50.0,77.3,35.2,34.4,34.8,51.6,23.0,0.0,24.9,C
20120808,SCIF,,,,,,,,,47.9,28.4,24.4,19.8,22.9,50.0,75.3,71.0,64.9,43.9,69.8,66.7,59.2,100.0,73.9,37.5,3.4,20.4,47.7,53.5,90.4,63.9,C
20120808,FEM,,,,,,,,,47.8,36.6,32.6,11.7,23.0,50.0,86.8,52.2,61.8,42.4,50.0,67.8,67.8,100.0,71.4,31.5,34.6,33.1,68.4,43.6,0.0,37.3,C
20120808,QQEW,,,,,,,,,47.8,74.7,76.6,66.6,71.2,50.0,62.0,55.2,55.4,63.3,69.0,69.0,67.7,67.8,68.4,11.9,19.9,15.9,61.9,43.6,0.0,35.2,C
20120808,QQQV,,,,,,,,,47.8,84.6,60.1,81.3,75.6,50.0,13.7,84.3,51.1,63.35,0.0,41.6,0.0,50.0,22.9,43.4,79.7,61.6,16.2,86.5,0.0,34.2,C
20120808,ARGT,,,,,,,,,47.7,57.4,31.7,21.5,31.8,50.0,37.3,85.9,58.8,45.3,63.2,69.1,69.1,100.0,75.4,56.2,16.9,36.5,12.5,4.7,0.0,5.7,C
20120808,IAT,,,,,,,,,47.7,32.2,29.3,34.8,32.6,0.0,65.4,47.1,36.1,34.35,67.7,41.6,59.0,49.0,54.3,15.0,82.2,48.6,63.0,34.4,98.4,65.3,C
20120808,FYX,,,,,,,,,47.7,62.4,67.5,64.7,65.1,50.0,73.8,51.4,57.6,61.35,57.2,58.9,62.9,100.0,69.8,11.9,19.9,15.9,64.3,43.6,0.0,36.0,C
20120808,GXF,,,,,,,,,47.7,73.9,65.5,68.3,68.6,50.0,75.2,55.2,59.4,64,0.0,50.0,50.0,58.4,39.6,41.7,57.3,49.5,36.1,16.2,0.0,17.4,C
20120808,QGEM,,,,,,,,,47.6,11.8,17.0,19.7,17.3,50.0,33.8,50.2,45.2,31.25,67.8,96.5,67.8,50.0,70.5,52.9,42.5,47.7,13.1,14.8,54.0,27.3,C
20120808,SCHD,,,,,,,,,47.5,52.0,75.4,80.5,73.3,50.0,75.9,21.0,47.6,60.45,70.0,65.0,65.0,100.0,75.0,0.0,0.0,0.0,74.0,50.0,81.2,68.4,C
20120808,FNI,,,,,,,,,47.4,32.5,31.5,21.6,26.7,50.0,42.9,80.9,58.7,42.7,64.5,98.2,95.6,100.0,89.6,11.9,19.9,15.9,44.6,43.6,0.0,29.4,C
20120808,PIZ,,,,,,,,,47.3,35.5,41.1,26.9,32.8,50.0,33.6,60.2,48.7,40.75,51.0,60.2,57.4,65.0,58.4,33.9,38.7,36.3,55.4,54.9,90.0,66.8,C
20120808,DGS,,,,,,,,,47.2,51.2,39.4,26.1,35.1,0.0,89.3,37.0,39.7,37.4,55.1,68.8,68.1,61.6,63.4,36.2,20.4,28.3,78.5,88.1,85.6,84.1,C
20120808,SCHC,,,,,,,,,47.1,34.0,36.6,25.7,30.6,50.0,38.5,48.6,46.1,38.35,96.8,98.4,96.8,100.0,98.0,0.0,0.0,0.0,55.8,50.0,81.2,62.3,C
20120808,FGD,,,,,,,,,47.1,28.8,22.2,30.8,27.9,50.0,68.7,63.5,60.4,44.15,47.3,65.5,60.7,97.3,67.7,31.5,34.6,33.1,64.4,43.6,0.0,36.0,C
20120808,ROOF,,,,,,,,,47.0,45.3,62.5,77.6,66.6,50.0,67.2,29.8,48.1,57.35,0.0,0.0,55.8,100.0,38.9,15.0,82.0,48.5,29.1,25.3,54.0,36.1,C
20120808,SCHE,,,,,,,,,47.0,50.6,44.6,27.3,37.1,50.0,71.4,45.6,54.9,46,55.6,96.8,98.4,100.0,87.7,0.0,0.0,0.0,76.9,50.0,81.2,69.4,C
20120808,EWX,,,,,,,,,47.0,44.7,38.6,25.2,33.1,50.0,85.2,37.1,56.0,44.55,58.0,67.7,68.2,62.5,64.1,23.2,14.2,18.7,73.5,92.9,98.0,88.1,C
20120808,RYF,,,,,,,,,46.9,28.1,35.5,32.5,32.5,50.0,37.9,39.8,42.8,37.65,61.2,41.6,66.3,45.0,53.5,16.0,81.7,48.8,28.4,41.0,76.8,48.8,C
20120808,IPD,,,,,,,,,46.9,77.7,76.4,61.4,69.2,50.0,40.8,45.7,45.7,57.45,59.7,1.0,56.6,59.4,44.2,8.5,61.0,34.8,18.9,61.7,98.0,59.5,C
20120808,VNQ,,,,,,,,,46.9,37.5,57.2,71.7,60.5,23.8,93.3,22.3,44.1,52.3,0.9,32.1,44.8,38.4,29.1,14.9,78.4,46.7,96.4,59.1,97.6,84.4,C
20120808,PJB,,,,,,,,,46.8,30.7,33.7,20.8,26.6,50.0,13.9,50.6,39.4,33,98.5,41.6,55.9,52.5,62.1,15.0,80.3,47.6,16.0,13.6,90.0,39.9,C
20120808,ADRA,,,,,,,,,46.8,35.3,40.3,26.4,32.3,50.0,24.1,54.1,43.7,38,66.8,54.9,66.8,65.8,63.6,34.2,44.2,39.2,20.6,27.2,90.0,45.9,C
20120808,CSM,,,,,,,,,46.6,65.4,79.1,74.5,74.1,50.0,74.8,37.4,53.0,63.55,66.7,97.2,63.9,55.0,70.7,0.0,0.0,0.0,59.9,50.0,81.2,63.7,C
20120808,WOOD,,,,,,,,,46.5,24.8,30.2,25.8,26.9,50.0,70.0,39.5,52.3,39.6,33.0,3.0,49.0,67.8,38.2,37.6,80.7,59.1,53.3,9.8,98.4,53.8,C
20120808,FYT,,,,,,,,,46.3,54.8,66.0,52.9,57.2,50.0,64.2,73.9,62.6,59.9,51.6,68.3,65.0,100.0,71.2,11.9,19.9,15.9,22.6,43.6,0.0,22.1,C
20120808,SCHM,,,,,,,,,46.3,65.4,70.0,68.6,68.4,50.0,63.8,35.7,49.1,58.75,64.5,97.3,67.1,65.0,73.5,0.0,0.0,0.0,67.1,50.0,81.2,66.1,C
20120808,PFF,,,,,,,,,46.2,44.4,41.8,41.6,42.2,0.0,92.9,6.3,30.1,36.15,50.0,50.0,50.0,42.2,48.0,0.0,79.5,39.8,94.5,77.3,98.4,90.1,C
20120808,HILO,,,,,,,,,46.2,29.4,37.0,41.7,37.8,50.0,64.1,52.3,55.0,46.4,4.2,66.7,0.0,100.0,42.7,43.3,58.0,50.6,57.0,15.6,54.0,42.2,C
20120808,MES,,,,,,,,,46.1,27.3,24.1,23.0,24.2,50.0,18.4,54.5,42.1,33.15,56.5,50.0,69.3,100.0,68.9,29.6,45.0,37.3,13.3,24.3,90.4,42.6,C
20120808,EAPS,,,,,,,,,46.0,40.4,43.4,34.1,38.1,50.0,39.0,88.0,60.0,49.05,97.0,69.1,97.0,100.0,90.8,0.0,0.0,0.0,37.6,50.0,35.0,40.9,C
20120808,FDD,,,,,,,,,45.9,27.6,34.3,24.8,28.2,50.0,37.7,81.2,57.3,42.75,49.6,65.0,64.0,96.9,68.9,31.5,34.6,33.1,30.4,43.6,0.0,24.7,C
20120808,FVD,,,,,,,,,45.7,58.2,73.0,74.0,70.5,50.0,78.8,22.2,48.9,59.7,68.8,68.8,63.8,55.8,64.3,11.9,19.9,15.9,68.6,43.6,0.0,37.4,C
20120808,BRAF,,,,,,,,,45.7,58.7,32.1,23.8,33.3,50.0,43.3,72.1,55.7,44.5,63.2,0.0,95.2,100.0,64.6,17.5,64.0,40.7,11.2,11.0,0.0,7.4,C
20120808,HGEM,,,,,,,,,45.5,58.7,49.5,29.6,41.4,50.0,16.9,37.9,35.9,38.65,50.0,46.5,96.5,100.0,73.2,19.4,43.0,31.2,7.7,14.5,54.0,25.4,C
20120808,RWR,,,,,,,,,45.3,36.2,56.7,71.4,60.0,50.0,81.4,22.7,49.9,54.95,2.4,4.5,47.2,34.2,22.1,15.0,82.7,48.9,87.1,41.8,98.0,75.6,C
20120808,FXR,,,,,,,,,45.2,48.1,39.0,28.9,35.8,50.0,82.7,64.5,64.9,50.35,65.3,65.3,56.5,100.0,71.8,11.9,19.9,15.9,69.1,43.6,0.0,37.6,C
20120808,KNOW,,,,,,,,,45.1,78.3,80.9,80.0,79.9,50.0,12.2,73.1,46.8,63.35,62.5,62.5,62.5,100.0,71.9,0.0,0.0,0.0,17.2,50.0,69.6,45.6,C
20120808,FXZ,,,,,,,,,45.1,71.5,71.5,62.8,67.1,50.0,74.1,47.7,56.4,61.75,59.7,52.4,55.6,69.5,59.3,11.9,19.9,15.9,77.2,43.6,0.0,40.3,C
20120808,REZ,,,,,,,,,45.1,31.2,54.2,72.1,58.5,50.0,64.2,23.3,44.9,51.7,57.5,0.0,54.4,4.8,29.2,14.9,82.6,48.8,69.2,19.0,98.4,62.2,C
20120808,FXD,,,,,,,,,45.1,71.8,70.5,61.9,66.4,50.0,76.2,48.1,57.2,61.8,61.3,57.2,57.2,60.0,59.0,11.9,19.9,15.9,79.7,43.6,0.0,41.1,C
20120808,RWX,,,,,,,,,45.0,26.9,30.0,40.4,34.6,50.0,89.1,40.1,58.3,46.45,0.0,41.6,66.2,68.2,44.0,12.2,52.1,32.1,88.1,59.7,98.0,81.9,D
20120808,KME,,,,,,,,,45.0,34.5,25.7,38.2,33.7,50.0,1.6,37.8,31.2,32.45,70.0,50.0,50.7,63.5,58.5,12.7,76.8,44.7,3.8,25.7,98.0,42.5,D
20120808,QQQC,,,,,,,,,44.8,23.7,23.0,45.9,34.6,50.0,19.6,82.2,52.2,43.4,50.0,50.0,50.0,100.0,62.5,53.0,28.6,40.8,14.7,9.5,0.0,8.1,D
20120808,FCQ,,,,,,,,,44.7,36.6,59.8,62.9,56.7,50.0,36.2,54.6,47.5,52.1,45.9,41.6,4.2,45.0,34.2,25.5,79.5,52.5,30.6,18.0,43.2,30.6,D
20120808,SCIN,,,,,,,,,44.6,29.7,26.0,21.1,24.3,50.0,61.9,65.2,58.9,41.6,63.6,97.2,63.6,100.0,81.1,16.3,7.8,12.0,32.0,39.3,54.0,41.8,D
20120808,FCG,,,,,,,,,44.4,39.1,31.8,25.1,29.9,40.1,93.0,88.6,73.0,51.45,40.1,65.3,95.2,65.0,66.4,11.9,19.9,15.9,85.1,43.6,0.0,42.9,D
20120808,FVI,,,,,,,,,44.4,56.2,48.9,31.0,41.4,50.0,33.8,74.9,53.9,47.65,69.8,97.0,97.0,43.8,76.9,11.9,19.9,15.9,24.5,43.6,0.0,22.7,D
20120808,GXG,,,,,,,,,44.4,38.6,54.6,58.4,53.3,50.0,72.7,44.7,55.0,54.15,50.0,0.0,0.0,58.4,27.1,41.3,74.0,57.6,76.2,6.2,0.0,27.5,D
20120808,EQL,,,,,,,,,44.3,59.4,75.6,72.5,70.8,50.0,38.9,25.4,38.1,54.45,70.0,96.7,68.3,50.0,71.2,15.0,0.0,7.5,49.0,0.8,79.6,43.2,D
20120808,FTY,,,,,,,,,44.1,14.8,23.3,39.0,29.4,50.0,66.9,26.9,47.0,38.2,35.4,30.6,50.9,39.3,39.0,16.2,82.7,49.5,56.8,28.9,98.4,61.3,D
20120808,FKO,,,,,,,,,44.0,26.3,37.2,28.0,30.4,50.0,23.1,81.5,52.9,41.65,52.2,67.3,96.2,50.0,66.4,31.5,34.6,33.1,6.2,43.6,0.0,16.6,D
20120808,BJK,,,,,,,,,43.8,25.5,25.9,23.1,24.4,50.0,60.8,70.3,60.4,42.4,46.2,60.0,66.2,50.0,55.6,5.3,52.8,29.0,49.4,31.5,90.4,57.1,D
20120808,FXN,,,,,,,,,43.7,43.8,44.5,27.5,35.9,50.0,72.4,76.7,66.0,50.95,61.3,69.3,68.5,65.0,66.0,11.9,19.9,15.9,70.1,43.6,0.0,37.9,D
20120808,FJP,,,,,,,,,43.6,57.9,43.1,28.8,38.9,50.0,23.4,35.5,36.9,37.9,64.3,39.3,67.8,100.0,67.9,31.5,34.6,33.1,16.1,43.6,0.0,19.9,D
20120808,QQXT,,,,,,,,,43.6,55.8,68.5,68.7,66.0,50.0,64.4,63.2,59.0,62.5,67.3,58.9,45.8,53.5,56.4,11.9,19.9,15.9,52.5,43.6,0.0,32.1,D
20120808,FNX,,,,,,,,,43.6,57.2,65.1,63.0,62.5,50.0,61.0,43.1,50.9,56.7,62.1,63.7,64.5,50.0,60.1,11.9,19.9,15.9,70.8,43.6,0.0,38.1,D
20120808,FPA,,,,,,,,,43.5,41.6,46.2,33.4,38.9,50.0,27.9,45.2,41.7,40.3,0.0,67.8,96.5,100.0,66.1,31.5,34.6,33.1,7.5,43.6,0.0,17.0,D
20120808,FONE,,,,,,,,,43.4,40.8,37.9,24.4,31.7,50.0,16.0,70.4,46.9,39.3,45.0,55.0,65.0,100.0,66.2,31.5,34.6,33.1,10.9,43.6,0.0,18.2,D
20120808,VROM,,,,,,,,,43.4,57.8,44.6,35.4,42.6,50.0,17.4,71.5,47.7,45.15,61.6,0.0,96.7,50.0,52.1,8.8,74.6,41.7,21.7,29.8,0.0,17.2,D
20120808,FXH,,,,,,,,,43.3,61.2,59.3,68.1,64.1,50.0,75.0,33.2,51.6,57.85,54.9,66.2,64.5,41.6,56.8,11.9,19.9,15.9,80.1,43.6,0.0,41.3,D
20120808,INCO,,,,,,,,,43.2,68.2,49.3,44.3,50.6,50.0,33.7,24.9,36.3,43.45,69.5,69.5,69.5,50.0,64.6,22.8,29.8,26.3,17.9,15.3,54.0,29.1,D
20120808,FYC,,,,,,,,,43.1,51.6,65.1,73.6,66.6,50.0,59.4,53.6,54.1,60.35,61.6,68.3,58.4,50.0,59.6,11.9,19.9,15.9,26.7,43.6,0.0,23.5,D
20120808,FPX,,,,,,,,,42.9,53.1,72.2,71.2,67.9,50.0,62.7,40.4,50.4,59.15,51.4,64.3,69.7,52.2,59.4,11.9,19.9,15.9,32.7,43.6,0.0,25.4,D
20120808,IPFF,,,,,,,,,42.7,70.7,81.4,80.9,79.0,50.0,0.0,15.9,23.1,51.05,0.0,50.0,50.0,37.5,34.4,0.0,73.0,36.5,51.8,34.2,98.4,61.5,D
20120808,FNY,,,,,,,,,42.7,28.5,27.1,34.5,31.1,50.0,64.7,56.3,56.6,43.85,65.0,65.0,65.0,100.0,73.8,11.9,19.9,15.9,36.2,43.6,0.0,26.6,D
20120808,FWDI,,,,,,,,,42.7,35.6,36.5,20.5,28.3,50.0,23.3,93.0,57.0,42.65,57.1,67.8,96.5,100.0,80.4,0.0,0.0,0.0,32.7,89.0,51.2,57.6,D
20120808,ICF,,,,,,,,,42.6,36.7,56.9,70.9,59.9,0.0,87.2,23.1,34.2,47.05,4.5,0.0,54.6,33.5,23.1,15.0,82.7,48.8,91.4,16.8,98.4,68.9,D
20120808,KBWC,,,,,,,,,42.4,11.2,17.2,44.7,29.8,50.0,43.1,12.2,34.7,32.25,41.6,0.0,63.9,100.0,51.4,17.7,75.8,46.7,3.2,6.8,90.0,33.3,D
20120808,ONEF,,,,,,,,,42.4,50.9,71.3,64.8,64.0,50.0,4.2,80.8,47.1,55.55,67.6,96.3,65.8,58.4,72.0,15.0,0.0,7.5,9.0,1.6,46.4,19.0,D
20120808,FVL,,,,,,,,,42.4,39.6,37.1,27.4,32.8,50.0,14.6,46.1,38.0,35.4,98.7,98.0,95.3,35.0,81.8,11.9,19.9,15.9,30.2,43.6,0.0,24.6,D
20120808,FDM,,,,,,,,,42.3,53.2,64.5,63.3,61.6,50.0,48.6,53.5,50.8,56.2,56.6,61.9,62.5,57.1,59.5,11.9,19.9,15.9,42.1,43.6,0.0,28.6,D
20120808,FLN,,,,,,,,,42.3,20.9,30.4,10.3,18.4,50.0,19.8,82.3,52.2,35.3,0.0,96.7,68.3,100.0,66.2,31.5,34.6,33.1,13.9,43.6,0.0,19.2,D
20120808,KBWY,,,,,,,,,42.3,41.4,58.7,56.4,54.1,50.0,51.4,32.4,44.3,49.2,69.5,0.0,36.1,2.6,27.1,15.0,82.8,48.9,33.7,18.6,90.0,47.5,D
20120808,IFNA,,,,,,,,,42.3,18.2,24.7,38.9,30.5,50.0,28.6,49.6,43.4,36.95,39.0,0.0,54.8,40.0,33.5,14.7,82.8,48.8,34.5,62.5,98.4,65.1,D
20120808,SOCL,,,,,,,,,42.1,32.6,22.8,38.8,32.8,50.0,72.4,84.4,68.8,50.8,50.0,50.0,50.0,50.0,50.0,30.1,34.6,32.3,54.6,11.7,0.0,22.1,D
20120808,QQQM,,,,,,,,,42.1,12.0,2.0,47.6,26.8,50.0,14.2,17.7,27.9,27.35,41.6,50.0,41.6,50.0,45.8,39.9,73.1,56.5,11.4,82.9,0.0,31.4,D
20120808,FAB,,,,,,,,,42.0,65.0,73.7,66.5,68.4,50.0,33.4,55.7,47.0,57.7,56.5,65.3,65.3,40.0,56.8,11.9,19.9,15.9,43.6,43.6,0.0,29.1,D
20120808,RKH,,,,,,,,,42.0,36.0,36.5,28.5,32.4,50.0,91.2,75.6,71.3,51.85,0.0,50.0,0.0,100.0,37.5,15.1,53.0,34.0,51.5,8.1,90.4,50.0,D
20120808,TTFS,,,,,,,,,42.0,66.3,78.3,80.0,76.8,50.0,20.7,53.4,42.4,59.6,47.8,65.9,38.6,100.0,63.1,3.5,8.0,5.8,11.0,42.0,51.2,34.7,D
20120808,MORT,,,,,,,,,42.0,39.5,55.2,62.7,55.8,50.0,63.7,24.8,45.3,50.55,0.0,50.0,0.0,41.6,22.9,15.0,82.8,48.9,59.1,8.0,90.4,52.5,D
20120808,GULF,,,,,,,,,41.9,44.5,29.6,20.8,28.2,50.0,29.2,35.3,38.6,33.4,60.7,39.5,97.0,65.0,65.5,27.4,23.8,25.6,21.1,31.2,85.6,46.0,D
20120808,ITB,,,,,,,,,41.9,51.1,33.2,26.6,33.5,38.3,95.8,77.1,69.1,51.3,31.4,0.0,0.0,33.4,16.2,17.4,82.7,50.1,91.8,9.7,98.4,66.6,D
20120808,CHIX,,,,,,,,,41.9,45.1,32.6,10.2,23.9,50.0,47.7,46.9,48.2,36.05,96.9,0.0,96.9,50.0,61.0,14.6,59.4,37.0,30.8,20.5,0.0,17.1,D
20120808,FAD,,,,,,,,,41.8,41.2,62.4,62.5,58.2,50.0,57.4,50.4,52.4,55.3,63.7,54.0,52.4,68.8,59.7,11.9,19.9,15.9,33.5,43.6,0.0,25.7,D
20120808,FEX,,,,,,,,,41.8,47.7,41.3,33.4,38.6,50.0,78.3,41.8,55.6,47.1,64.5,66.2,67.8,55.0,63.4,11.9,19.9,15.9,72.3,43.6,0.0,38.7,D
20120808,PSR,,,,,,,,,41.8,37.2,56.0,70.9,59.7,50.0,21.5,35.8,36.5,48.1,1.1,0.0,37.8,59.6,24.6,16.3,82.8,49.6,36.6,25.5,90.0,50.7,D
20120808,IPF,,,,,,,,,41.7,30.9,25.1,28.8,28.1,50.0,37.8,85.2,58.7,43.4,50.5,0.0,67.8,53.1,42.9,13.7,55.2,34.5,5.2,62.1,98.0,55.1,D
20120808,PEJ,,,,,,,,,41.4,38.2,59.7,69.4,60.2,50.0,77.6,66.0,63.9,62.05,0.0,0.0,0.0,60.3,15.1,6.5,78.6,42.5,63.3,12.6,90.0,55.3,D
20120808,DRW,,,,,,,,,41.3,40.9,30.9,40.3,37.6,50.0,64.0,44.2,52.2,44.9,3.3,0.0,65.5,46.5,28.8,17.9,65.2,41.6,53.5,62.8,85.6,67.3,D
20120808,NASI,,,,,,,,,41.2,44.9,58.4,62.9,58.0,50.0,29.1,81.5,54.8,56.4,69.1,97.0,69.1,45.0,70.1,0.0,0.0,0.0,13.1,50.0,35.0,32.7,D
20120808,FTA,,,,,,,,,41.2,52.5,46.6,36.1,42.5,50.0,78.8,51.7,59.2,50.85,57.2,67.8,67.8,40.0,58.2,11.9,19.9,15.9,67.4,43.6,0.0,37.0,D
20120808,QABA,,,,,,,,,41.1,50.4,60.9,66.2,61.5,50.0,26.3,50.2,43.0,52.25,97.3,41.6,48.0,58.4,61.3,11.9,19.9,15.9,25.5,43.6,0.0,23.1,D
20120808,PSK,,,,,,,,,41.1,80.6,82.3,76.3,79.0,50.0,73.2,6.4,41.7,60.35,50.0,50.0,50.0,52.2,50.6,0.0,0.0,0.0,74.5,63.2,98.0,78.6,D
20120808,KBWD,,,,,,,,,41.1,22.4,22.6,34.4,28.5,50.0,78.7,17.1,47.1,37.8,46.0,0.0,54.0,30.2,32.6,17.7,76.6,47.2,65.3,19.7,90.0,58.3,D
20120808,FMK,,,,,,,,,41.0,51.5,40.1,36.6,40.6,50.0,43.7,30.7,41.4,41,46.5,67.8,67.8,100.0,70.5,11.9,19.9,15.9,38.9,43.6,0.0,27.5,D
20120808,PPH,,,,,,,,,41.0,17.7,32.2,26.2,26.3,50.0,93.0,28.9,55.5,40.9,50.0,0.0,50.0,50.0,37.5,23.9,53.2,38.5,77.5,8.2,90.4,58.7,D
20120808,FBZ,,,,,,,,,40.8,31.9,36.8,25.1,30.0,50.0,41.5,77.8,57.2,43.6,3.5,35.7,67.8,100.0,51.8,31.5,34.6,33.1,23.7,43.6,0.0,22.4,D
20120808,PTO,,,,,,,,,40.4,20.3,23.6,24.3,23.3,50.0,17.6,82.1,51.5,37.4,66.8,98.0,98.0,45.9,77.2,15.0,0.0,7.5,20.2,3.5,90.0,37.9,D
20120808,PIE,,,,,,,,,40.2,37.1,35.3,27.8,31.9,50.0,53.7,30.0,44.1,38,54.6,39.4,46.7,58.4,49.8,21.6,23.1,22.4,68.7,54.7,90.0,71.1,D
20120808,IFEU,,,,,,,,,39.9,20.3,33.1,29.7,28.9,50.0,43.8,80.7,58.9,43.9,0.0,0.0,55.7,97.3,38.3,14.9,49.9,32.4,26.6,42.5,98.4,55.8,D
20120808,FXU,,,,,,,,,39.7,19.9,34.1,37.0,32.7,50.0,77.4,59.1,61.4,47.05,34.7,61.3,65.3,65.0,56.6,11.9,19.9,15.9,72.1,43.6,0.0,38.6,D
20120808,GREK,,,,,,,,,39.6,26.5,25.4,31.2,28.5,50.0,76.1,94.5,73.4,50.95,50.0,50.0,0.0,100.0,50.0,36.7,14.9,25.8,43.7,4.5,0.0,16.1,D
20120808,AADR,,,,,,,,,39.6,59.3,73.8,63.6,65.8,50.0,7.9,73.8,45.7,55.75,57.0,55.0,69.0,50.0,57.8,15.0,8.1,11.5,8.2,3.8,51.2,21.1,D
20120808,ADRD,,,,,,,,,39.5,52.3,29.7,29.9,34.3,50.0,17.1,62.8,44.6,39.45,0.0,50.0,50.0,70.0,42.5,44.7,15.9,30.3,29.7,54.1,90.0,57.9,D
20120808,FNK,,,,,,,,,39.4,33.7,31.9,20.0,26.3,50.0,57.7,60.0,55.8,41.05,45.0,68.3,51.6,100.0,66.2,11.9,19.9,15.9,29.0,43.6,0.0,24.2,D
20120808,TSXV,,,,,,,,,39.4,25.2,26.0,21.5,23.6,50.0,23.5,51.0,42.4,33,0.0,0.0,97.0,100.0,49.3,39.3,54.2,46.7,9.4,11.4,0.0,6.9,D
20120808,RWO,,,,,,,,,38.9,23.5,32.8,39.9,34.5,50.0,78.9,24.0,49.5,42,1.9,0.0,49.5,57.4,27.2,11.3,55.4,33.3,73.9,70.8,98.0,80.9,D
20120808,QCLN,,,,,,,,,38.6,49.2,32.5,20.7,29.9,50.0,26.5,78.7,53.0,41.45,51.1,61.9,96.9,50.0,65.0,11.9,19.9,15.9,13.5,43.6,0.0,19.1,D
20120808,KBWX,,,,,,,,,38.5,36.7,25.7,21.2,25.7,50.0,17.0,11.0,26.4,26.05,43.4,50.0,97.3,58.4,62.3,14.9,37.4,26.2,2.2,31.6,90.0,41.2,D
20120808,FNIO,,,,,,,,,38.3,22.3,26.1,24.7,24.6,50.0,44.5,40.8,45.1,34.85,0.8,30.6,48.8,35.0,28.8,15.0,82.7,48.9,21.2,16.6,98.4,45.4,D
20120808,BTAH,,,,,,,,,37.9,56.3,43.5,39.2,43.9,50.0,36.3,63.1,50.5,47.2,53.5,53.5,60.7,100.0,67.0,0.0,0.0,0.0,20.8,50.0,40.0,36.9,D
20120808,KBWP,,,,,,,,,37.7,56.9,53.9,79.0,67.1,50.0,20.4,12.4,27.9,47.5,56.6,0.0,38.1,33.4,32.0,15.0,55.2,35.1,2.8,7.2,90.0,33.3,D
20120808,PMNA,,,,,,,,,37.7,30.8,25.7,23.6,25.7,50.0,41.0,59.7,50.7,38.2,60.1,50.0,97.8,62.5,67.6,1.7,7.5,4.6,23.4,24.6,90.0,46.0,D
20120808,RTL,,,,,,,,,37.7,21.4,28.6,43.2,34.5,50.0,63.0,22.6,44.3,39.4,0.0,30.6,46.5,2.4,19.9,14.9,82.7,48.8,42.9,17.4,98.4,52.9,D
20120808,FDL,,,,,,,,,37.6,25.4,15.1,44.4,31.8,50.0,83.3,23.7,50.8,41.3,59.9,58.4,54.0,45.0,54.3,11.9,19.9,15.9,80.2,43.6,0.0,41.3,D
20120808,FCA,,,,,,,,,37.2,32.5,27.1,9.8,19.5,50.0,27.7,26.1,35.0,27.25,48.1,66.7,67.3,50.0,58.0,31.5,34.6,33.1,8.5,43.6,0.0,17.4,D
20120808,PSP,,,,,,,,,37.1,34.8,41.9,30.4,34.8,50.0,64.9,40.9,51.3,43.05,58.4,0.0,63.2,41.6,40.8,7.4,30.0,18.7,65.2,35.0,90.0,63.4,D
20120808,GII,,,,,,,,,36.9,30.7,31.7,28.9,30.1,50.0,49.5,66.9,55.8,42.95,44.4,51.1,97.0,47.2,59.9,0.0,0.0,0.0,33.8,50.0,98.0,60.6,D
20120808,FTC,,,,,,,,,36.5,29.7,31.7,29.0,30.0,50.0,62.5,30.4,46.9,38.45,64.5,54.9,44.4,60.0,55.9,11.9,19.9,15.9,58.0,43.6,0.0,33.9,D
20120808,RALS,,,,,,,,,36.3,21.5,25.5,21.8,22.8,50.0,28.1,64.7,48.6,35.7,62.5,68.8,68.8,53.5,63.4,0.0,0.0,0.0,66.9,50.0,81.2,66.0,D
20120808,NOMO,,,,,,,,,36.2,50.1,29.9,38.7,38.3,50.0,7.2,38.2,33.0,35.65,60.7,67.8,67.8,100.0,74.1,0.0,0.0,0.0,9.0,50.0,40.0,33.0,D
20120808,CARZ,,,,,,,,,36.2,68.3,28.7,44.8,44.7,50.0,11.5,69.6,45.3,45,33.4,4.2,58.4,50.0,36.5,31.5,34.6,33.1,11.9,43.6,0.0,18.5,D
20120808,MOM,,,,,,,,,36.1,23.1,52.8,79.7,60.3,50.0,19.9,54.8,42.6,51.45,32.1,53.5,39.3,100.0,56.2,0.0,0.0,0.0,24.4,50.0,40.0,38.1,D
20120808,SCHH,,,,,,,,,36.1,35.9,56.5,74.8,61.5,50.0,71.9,23.9,47.4,54.45,50.0,0.0,63.9,58.4,43.1,0.0,0.0,0.0,73.1,50.0,81.2,68.1,D
20120808,BTAL,,,,,,,,,35.8,4.4,18.6,44.3,28.6,50.0,61.9,63.4,58.3,43.45,46.5,46.5,46.5,100.0,59.8,0.0,0.0,0.0,55.0,50.0,40.0,48.3,D
20120808,MATH,,,,,,,,,35.3,47.9,23.6,40.7,37.0,50.0,45.8,1.8,31.9,34.45,63.5,67.3,55.8,100.0,71.6,2.9,0.0,1.5,38.4,0.5,51.2,30.0,D
20120808,GRI,,,,,,,,,34.8,23.3,34.5,40.1,35.1,50.0,53.0,36.1,46.0,40.55,1.3,0.0,54.5,50.0,26.4,14.3,66.6,40.4,38.7,38.6,0.0,25.8,D
20120808,PGF,,,,,,,,,34.7,67.0,49.0,43.6,49.9,50.0,86.8,4.7,45.2,47.55,50.0,50.0,50.0,33.1,45.8,0.0,0.0,0.0,81.9,28.6,90.0,66.8,D
20120808,PGX,,,,,,,,,34.6,54.5,31.1,43.9,42.2,50.0,81.8,7.5,44.7,43.45,50.0,50.0,50.0,31.5,45.4,0.0,0.0,0.0,84.8,64.0,90.0,79.6,D
20120808,QLT,,,,,,,,,34.2,22.2,17.6,45.8,32.6,50.0,51.7,9.4,36.3,34.45,46.5,60.7,60.7,100.0,67.0,0.0,0.0,0.0,24.6,50.0,40.0,38.2,D
20120808,FBT,,,,,,,,,34.1,41.0,54.5,66.4,57.8,50.0,75.4,62.8,62.1,59.95,0.0,0.0,0.0,100.0,25.0,11.9,19.9,15.9,72.5,43.6,0.0,38.7,D
20120808,FFR,,,,,,,,,33.7,24.7,34.3,40.5,35.5,50.0,80.2,36.5,54.3,44.9,0.8,0.0,57.2,34.1,23.0,31.5,34.6,33.1,57.6,43.6,0.0,33.7,D
20120808,PEK,,,,,,,,,33.3,35.8,25.5,21.1,25.4,50.0,8.0,69.7,44.3,34.85,50.0,50.0,50.0,100.0,62.5,0.0,0.0,0.0,32.2,0.0,90.4,40.9,D
20120808,FXO,,,,,,,,,32.4,45.5,30.9,31.3,34.0,50.0,79.3,27.2,50.8,42.4,43.5,0.0,66.2,35.0,36.2,11.9,19.9,15.9,78.4,43.6,0.0,40.7,D
20120808,CHEP,,,,,,,,,32.1,46.4,41.1,46.2,44.7,50.0,23.2,19.0,31.1,37.9,53.5,60.7,60.7,50.0,56.2,0.0,0.0,0.0,27.3,50.0,40.0,39.1,D
20120808,DENT,,,,,,,,,31.7,21.5,22.1,17.6,19.7,50.0,7.4,5.3,21.6,20.65,97.0,97.0,61.8,50.0,76.4,1.5,0.0,0.7,18.6,0.4,51.2,23.4,D
20120808,PAO,,,,,,,,,31.6,19.7,30.4,30.9,28.5,50.0,9.3,69.8,44.7,36.6,54.6,62.8,56.6,46.5,55.1,0.0,0.0,0.0,24.0,9.2,90.0,41.1,D
20120808,FDN,,,,,,,,,30.7,39.1,62.8,64.5,58.9,50.0,64.5,78.9,64.5,61.7,0.0,0.0,0.0,45.0,11.2,11.9,19.9,15.9,77.9,43.6,0.0,40.5,D
20120808,ITIP,,,,,,,,,30.1,22.3,33.7,39.0,34.1,50.0,12.1,15.1,26.4,30.25,50.0,50.0,50.0,40.0,47.5,0.0,0.0,0.0,50.2,55.5,98.4,68.1,D
20120808,CNPF,,,,,,,,,30.1,14.0,31.6,41.9,33.2,50.0,42.0,32.2,41.4,37.3,0.0,50.0,0.0,55.0,26.2,0.3,56.5,28.4,44.8,29.9,0.0,24.9,D
20120808,PCA,,,,,,,,,29.8,23.9,27.3,31.3,28.6,50.0,13.0,55.9,40.9,34.75,38.2,47.5,34.2,58.4,44.6,14.2,0.0,7.1,20.7,5.3,90.0,38.7,F
20120808,GTAA,,,,,,,,,29.2,26.0,33.9,34.1,32.4,50.0,19.1,11.0,27.1,29.75,54.5,43.2,68.2,50.0,54.0,4.2,0.0,2.1,49.0,3.9,51.2,34.7,F
20120808,FDV,,,,,,,,,28.4,76.4,81.6,66.4,72.9,50.0,39.8,40.5,43.6,58.25,0.0,0.0,0.0,50.0,12.5,11.9,19.9,15.9,29.8,43.6,0.0,24.5,F
20120808,FRI,,,,,,,,,26.9,17.1,23.5,38.0,29.5,50.0,68.4,23.3,46.2,37.85,3.2,0.0,43.5,45.0,22.9,11.9,19.9,15.9,74.7,43.6,0.0,39.5,F
20120808,SIZ,,,,,,,,,24.9,29.2,33.9,66.2,49.1,50.0,10.6,23.4,28.9,39,39.3,46.5,46.5,1.9,33.5,0.0,0.0,0.0,4.9,50.0,40.0,31.6,F
